Kuupäev,Tunni sademete summa mm,Õhutemperatuur °C
2004-02-01,0.571,0.243
2004-02-04,1.280,1.860
2004-02-07,0.200,-0.600
2004-02-09,0.200,-3.500
2004-02-13,0.233,-0.817
2004-02-14,0.200,0.500
2004-02-15,0.200,-0.400
2004-02-16,1.000,-0.100
2004-02-17,0.369,-0.200
2004-02-20,0.200,0.600
2004-02-23,0.200,-3.900
2004-02-25,0.200,-1.100
2004-02-26,0.200,0.150
2004-02-27,0.200,-0.800
2004-03-02,0.200,0.100
2004-03-07,0.200,-0.250
2004-03-14,0.575,0.138
2004-03-15,0.467,1.850
2004-03-16,0.250,2.275
2004-03-17,0.200,3.700
2004-03-19,0.333,3.167
2004-03-20,0.486,2.714
2004-03-21,0.400,0.550
2004-03-22,0.240,0.160
2004-03-25,0.440,0.045
2004-03-26,0.333,-0.333
2004-03-28,0.200,0.400
2004-04-10,0.633,1.467
2004-04-11,0.200,2.700
2004-04-20,1.120,8.380
2004-04-21,0.725,4.612
2004-04-22,0.429,3.057
2004-05-03,0.267,12.267
2004-05-04,1.467,12.833
2004-05-13,0.200,2.800
2004-05-14,0.400,5.133
2004-05-18,1.600,8.700
2004-05-19,0.760,8.660
2004-05-23,0.500,6.350
2004-05-29,0.800,9.771
2004-05-30,0.760,7.240
2004-06-07,1.520,11.460
2004-06-08,1.215,9.208
2004-06-11,0.720,10.520
2004-06-12,2.067,11.333
2004-06-14,0.600,11.100
2004-06-16,0.200,10.500
2004-06-20,1.500,11.350
2004-06-22,0.300,12.350
2004-06-23,0.400,11.600
2004-06-24,1.200,13.671
2004-06-26,1.800,13.433
2004-06-27,0.350,13.725
2004-06-29,0.400,11.700
2004-06-30,1.057,12.893
2004-07-01,0.480,15.500
2004-07-02,0.909,14.527
2004-07-03,2.354,13.085
2004-07-04,1.960,15.820
2004-07-05,0.200,15.700
2004-07-06,4.933,12.833
2004-07-07,0.200,14.600
2004-07-10,0.600,15.720
2004-07-11,1.267,15.367
2004-07-13,1.400,16.300
2004-07-14,1.350,16.175
2004-07-15,0.200,16.300
2004-07-18,0.200,17.000
2004-07-19,1.700,17.300
2004-07-20,0.700,16.900
2004-07-23,0.711,17.578
2004-07-24,0.400,18.300
2004-07-27,5.480,16.820
2004-07-28,1.138,16.646
2004-07-29,1.344,16.511
2004-07-30,0.300,16.500
2004-07-31,0.800,16.800
2004-08-01,0.933,17.517
2004-08-02,0.200,16.850
2004-08-13,0.200,15.500
2004-08-17,2.080,16.120
2004-08-18,0.200,16.650
2004-08-19,0.200,19.600
2004-08-21,0.400,16.550
2004-08-22,1.700,16.000
2004-08-23,0.400,13.700
2004-08-25,0.600,11.767
2004-08-26,0.825,15.225
2004-08-27,0.200,16.700
2004-08-28,0.900,15.900
2004-08-29,0.200,13.700
2004-08-30,0.300,15.050
2004-08-31,1.433,17.083
2004-09-01,0.556,14.678
2004-09-02,1.067,14.367
2004-09-03,0.680,15.800
2004-09-06,0.400,16.400
2004-09-07,0.300,14.250
2004-09-12,3.400,16.000
2004-09-13,0.840,14.440
2004-09-14,2.700,15.800
2004-09-15,0.400,13.650
2004-09-16,1.560,11.960
2004-09-19,0.467,13.133
2004-09-21,0.500,11.917
2004-09-22,0.360,12.200
2004-09-23,1.800,10.350
2004-09-24,1.033,10.767
2004-09-25,2.171,11.286
2004-09-26,0.733,11.967
2004-09-27,0.486,12.129
2004-09-28,0.200,11.720
2004-09-29,0.300,11.900
2004-10-05,0.200,13.450
2004-10-06,0.700,13.800
2004-10-07,0.300,9.050
2004-10-08,1.558,9.542
2004-10-09,0.400,4.550
2004-10-10,0.750,4.388
2004-10-17,0.733,7.167
2004-10-18,0.440,7.660
2004-10-19,0.371,7.543
2004-10-21,0.800,4.300
2004-10-22,1.400,6.750
2004-10-23,1.164,9.564
2004-10-24,1.400,6.700
2004-10-25,1.200,6.929
2004-10-26,0.300,10.500
2004-10-27,0.700,9.325
2004-11-05,0.800,8.375
2004-11-06,0.600,5.786
2004-11-11,0.200,6.200
2004-11-12,1.123,7.677
2004-11-13,0.673,5.473
2004-11-14,0.200,4.350
2004-11-15,0.833,7.617
2004-11-16,0.314,4.757
2004-11-17,0.486,0.271
2004-11-18,0.200,0.500
2004-11-21,0.200,-1.100
2004-11-25,0.400,1.475
2004-11-29,0.491,0.009
2004-11-30,0.200,1.025
2004-12-02,0.200,0.350
2004-12-03,0.200,2.900
2004-12-04,0.300,2.850
2004-12-05,0.200,6.000
2004-12-06,0.200,3.700
2004-12-07,0.400,5.325
2004-12-08,0.800,4.700
2004-12-15,0.600,4.058
2004-12-16,0.200,6.000
2004-12-17,0.200,1.400
2004-12-18,0.300,3.000
2004-12-19,0.244,0.811
2004-12-20,0.200,1.300
2004-12-22,0.200,1.100
2004-12-23,0.467,1.600
2004-12-24,0.800,1.867
2004-12-25,0.400,2.000
2004-12-26,0.467,2.200
2004-12-29,0.200,-1.100
2004-12-30,0.945,3.291
2005-01-02,0.440,0.620
2005-01-03,0.200,2.300
2005-01-05,0.836,1.664
2005-01-06,0.200,2.950
2005-01-07,0.689,4.267
2005-01-08,1.040,5.250
2005-01-09,0.409,2.727
2005-01-10,0.486,3.214
2005-01-12,0.800,4.700
2005-01-13,0.567,3.633
2005-01-14,0.400,3.100
2005-01-16,0.350,2.425
2005-01-17,0.300,3.150
2005-01-21,0.273,-0.218
2005-01-22,0.200,1.300
2005-01-23,0.400,-0.289
2005-01-25,0.200,-1.000
2005-01-26,0.200,-2.600
2005-01-30,0.400,0.400
2005-01-31,1.250,0.863
2005-03-17,0.320,-1.220
2005-03-24,0.400,0.100
2005-04-07,0.333,6.333
2005-04-08,1.400,6.200
2005-04-11,0.950,3.150
2005-04-20,0.400,-0.700
2005-04-21,0.650,0.125
2005-04-22,0.200,0.400
2005-05-01,0.200,4.000
2005-05-03,1.486,7.029
2005-05-06,0.200,4.100
2005-05-07,0.333,8.533
2005-05-10,0.200,5.300
2005-05-16,1.229,8.943
2005-05-17,0.600,5.260
2005-05-24,0.400,10.200
2005-05-27,0.200,14.900
2005-05-29,0.200,7.533
2005-05-31,0.333,9.500
2005-06-01,0.200,8.080
2005-06-03,0.200,10.400
2005-06-04,0.200,14.400
2005-06-05,0.200,12.450
2005-06-11,0.933,13.233
2005-06-12,0.600,12.367
2005-06-13,0.500,12.050
2005-06-25,1.450,13.775
2005-06-27,1.267,13.367
2005-06-29,3.600,11.600
2005-06-30,0.200,13.700
2005-07-01,1.200,14.200
2005-07-08,0.600,15.800
2005-07-16,0.750,17.850
2005-07-18,0.600,20.700
2005-07-20,3.400,18.600
2005-07-21,0.500,16.350
2005-07-22,0.633,15.617
2005-07-23,1.120,15.310
2005-07-24,0.500,16.800
2005-07-25,1.200,16.433
2005-07-26,0.800,17.220
2005-07-27,1.275,16.575
2005-07-31,0.833,16.117
2005-08-01,3.000,15.600
2005-08-02,1.667,15.300
2005-08-04,1.280,15.730
2005-08-05,0.200,15.400
2005-08-06,1.880,15.820
2005-08-07,2.100,15.867
2005-08-08,2.120,17.660
2005-08-09,1.350,17.300
2005-08-10,0.686,14.579
2005-08-11,0.986,14.757
2005-08-12,0.600,16.400
2005-08-13,0.500,17.200
2005-08-16,0.500,16.600
2005-08-19,0.200,14.900
2005-08-21,0.600,17.800
2005-08-25,0.200,18.500
2005-08-26,0.600,17.133
2005-08-27,0.800,13.650
2005-08-28,1.386,14.064
2005-09-03,0.200,11.500
2005-09-07,0.500,17.250
2005-09-12,0.300,15.150
2005-09-14,0.400,14.600
2005-09-15,0.200,8.700
2005-09-18,1.700,12.750
2005-09-20,0.200,10.900
2005-09-28,0.880,14.940
2005-09-29,0.700,12.750
2005-10-01,0.200,7.900
2005-10-02,0.900,13.800
2005-10-08,0.200,9.300
2005-10-11,0.200,11.450
2005-10-14,1.800,10.000
2005-10-15,0.200,9.150
2005-10-21,0.333,10.233
2005-10-22,1.018,10.982
2005-10-23,0.600,11.500
2005-10-25,0.520,1.120
2005-10-26,1.688,1.887
2005-10-27,0.300,2.900
2005-11-04,2.000,8.600
2005-11-05,0.693,7.480
2005-11-06,0.571,8.471
2005-11-07,0.300,9.350
2005-11-10,0.200,7.800
2005-11-11,0.500,8.450
2005-11-12,0.450,9.275
2005-11-13,0.640,9.220
2005-11-14,0.917,7.292
2005-11-15,0.375,7.487
2005-11-16,0.200,3.375
2005-11-19,0.280,1.720
2005-11-20,0.267,0.667
2005-11-25,0.200,-0.450
2005-11-26,0.222,-0.033
2005-11-27,0.300,0.988
2005-11-28,0.529,1.357
2005-11-29,0.200,2.600
2005-11-30,0.613,1.319
2005-12-01,0.200,2.800
2005-12-02,0.333,3.300
2005-12-05,0.200,-1.200
2005-12-06,0.200,-0.075
2005-12-08,0.200,0.800
2005-12-10,0.467,5.333
2005-12-11,0.300,4.500
2005-12-12,0.200,5.500
2005-12-13,0.200,5.000
2005-12-14,0.650,3.750
2005-12-15,0.400,3.640
2005-12-16,0.433,1.283
2005-12-19,0.200,-2.700
2005-12-20,0.200,-3.000
2005-12-24,0.560,0.860
2005-12-25,0.200,-0.550
2005-12-31,0.467,0.583
2006-03-31,0.778,3.244
2006-04-01,0.320,3.800
2006-04-02,0.650,-0.200
2006-04-03,0.400,3.925
2006-04-04,0.400,2.700
2006-04-05,0.300,1.275
2006-04-06,0.300,1.250
2006-04-07,0.200,1.800
2006-04-09,1.267,4.467
2006-04-10,0.450,1.700
2006-04-18,0.200,2.700
2006-04-20,0.733,6.433
2006-04-21,0.200,1.800
2006-05-19,0.600,7.033
2006-05-20,0.850,9.750
2006-05-21,3.050,9.150
2006-05-23,1.375,11.500
2006-05-24,0.833,8.167
2006-05-25,1.350,7.125
2006-05-26,0.200,8.000
2006-05-30,0.200,8.800
2006-06-03,0.886,11.429
2006-06-22,1.257,18.957
2006-06-23,0.200,18.033
2006-06-28,0.800,15.133
2006-07-14,0.700,19.150
2006-07-25,0.200,19.600
2006-07-29,0.200,18.000
2006-07-30,0.200,16.100
2006-08-04,0.200,14.100
2006-08-13,0.700,13.200
2006-08-15,1.900,17.450
2006-08-16,1.720,16.920
2006-08-19,0.200,16.000
2006-08-20,0.300,19.950
2006-08-21,1.500,16.850
2006-08-22,0.760,16.890
2006-08-23,0.200,16.850
2006-08-24,0.600,15.100
2006-08-26,0.200,15.700
2006-08-27,1.543,15.814
2006-08-28,0.800,18.500
2006-08-29,2.600,15.340
2006-08-31,0.200,17.400
2006-09-01,0.200,14.000
2006-09-02,3.057,16.914
2006-09-03,2.022,15.489
2006-09-04,1.000,15.700
2006-09-05,0.700,16.650
2006-09-07,0.300,15.133
2006-09-08,0.900,14.500
2006-09-10,0.800,14.100
2006-09-18,0.200,10.750
2006-09-19,0.400,15.700
2006-10-01,0.911,12.100
2006-10-03,0.540,12.980
2006-10-04,0.500,13.775
2006-10-05,0.533,12.900
2006-10-06,0.778,12.367
2006-10-07,0.200,13.550
2006-10-08,0.200,13.700
2006-10-10,0.200,7.400
2006-10-16,0.300,9.100
2006-10-17,0.400,9.900
2006-10-18,0.333,8.567
2006-10-19,0.333,5.933
2006-10-21,0.414,5.500
2006-10-22,0.200,12.900
2006-10-23,0.892,12.546
2006-10-24,1.300,13.000
2006-10-26,0.667,9.117
2006-10-27,1.212,10.613
2006-10-28,0.600,5.820
2006-10-30,1.367,5.367
2006-10-31,1.512,6.606
2006-11-01,0.400,9.200
2007-04-17,0.400,5.200
2007-04-18,0.200,4.300
2007-04-19,1.000,3.562
2007-04-20,0.680,3.580
2007-04-21,0.633,2.400
2007-04-23,0.613,3.650
2007-05-02,0.267,3.800
2007-05-03,0.200,4.267
2007-05-04,0.200,4.600
2007-05-07,0.600,6.900
2007-05-08,1.000,7.250
2007-05-11,0.350,5.700
2007-05-13,0.200,9.300
2007-05-15,0.771,11.443
2007-05-22,0.520,10.500
2007-05-26,0.467,15.800
2007-05-27,0.200,12.200
2007-05-28,2.000,11.050
2007-05-30,4.480,13.210
2007-05-31,0.400,12.500
2007-06-12,0.200,13.400
2007-06-14,2.800,14.333
2007-06-17,0.618,12.573
2007-06-18,0.200,12.250
2007-06-24,0.200,14.300
2007-06-27,0.817,13.408
2007-06-28,0.300,12.850
2007-07-07,0.200,13.650
2007-07-09,0.850,13.950
2007-07-11,1.483,14.383
2007-07-12,0.400,13.800
2007-07-13,0.667,16.533
2007-07-15,0.433,15.467
2007-07-24,0.200,15.233
2007-07-25,2.200,16.700
2007-07-27,0.200,16.900
2007-07-28,0.333,15.900
2007-07-29,0.700,16.000
2007-07-30,0.556,14.222
2007-07-31,0.982,14.545
2007-08-12,2.667,17.733
2007-08-14,0.200,20.300
2007-08-16,0.200,19.600
2007-08-17,0.200,18.833
2007-08-19,0.200,14.200
2007-08-22,0.200,19.200
2007-08-24,1.462,18.708
2007-08-25,0.414,19.271
2007-09-01,11.000,11.967
2007-09-02,1.957,14.350
2007-09-03,1.825,12.963
2007-09-06,0.600,14.050
2007-09-12,1.100,13.400
2007-09-13,0.800,12.900
2007-09-15,0.760,11.340
2007-09-16,0.286,9.329
2007-09-17,0.533,7.433
2007-09-18,1.257,11.221
2007-09-19,0.520,9.600
2007-09-20,0.350,12.050
2007-09-21,2.480,13.160
2007-09-22,1.833,14.050
2007-09-24,0.200,11.300
2007-09-26,0.200,13.000
2007-10-01,0.200,13.867
2007-10-02,2.000,12.450
2007-10-03,0.700,12.050
2007-10-04,0.400,12.350
2007-10-05,0.667,11.033
2007-10-06,0.200,11.300
2007-10-07,0.600,9.500
2007-10-08,0.720,10.580
2007-10-10,0.467,8.333
2007-10-11,0.850,4.912
2007-10-12,2.108,4.885
2007-10-14,0.800,7.300
2007-10-15,0.356,10.556
2007-10-18,0.200,8.300
2007-10-19,0.200,6.200
2007-10-30,0.367,8.900
2007-10-31,0.300,7.750
2007-11-01,0.325,9.762
2007-11-03,0.586,1.336
2007-11-06,0.200,3.150
2007-11-07,0.280,0.960
2007-11-09,0.300,2.550
2007-11-10,0.440,1.640
2007-11-14,0.800,1.200
2007-11-15,0.240,3.040
2007-11-16,0.750,4.300
2007-11-17,0.200,-1.100
2007-11-18,0.400,0.020
2007-11-23,0.300,3.600
2007-11-25,0.450,1.525
2007-11-26,0.267,2.000
2008-04-06,0.900,4.750
2008-04-07,0.257,3.629
2008-04-08,0.683,4.425
2008-04-09,0.200,2.900
2008-04-12,1.767,3.517
2008-04-13,0.850,4.108
2008-04-14,0.200,2.300
2008-04-16,0.200,3.600
2008-04-18,0.200,3.500
2008-06-30,0.300,15.650
2008-07-03,0.400,15.050
2008-07-05,0.600,13.200
2008-07-07,0.700,13.062
2008-07-08,0.300,12.200
2008-07-09,0.500,13.500
2008-07-10,0.300,15.750
2008-07-11,0.200,16.400
2008-07-14,0.973,14.547
2008-07-16,1.100,18.000
2008-07-17,2.050,15.350
2008-07-18,0.600,17.250
2008-07-19,0.400,18.900
2008-08-02,0.633,16.367
2008-08-03,1.000,14.207
2008-08-04,0.440,12.300
2008-08-05,1.907,11.167
2008-08-07,0.200,13.200
2008-08-08,1.700,16.450
2008-08-09,0.200,14.700
2008-08-10,1.000,14.350
2008-08-11,0.800,15.533
2008-08-12,2.467,17.050
2008-08-13,2.900,17.433
2008-08-14,0.800,16.000
2008-08-16,0.200,15.660
2008-08-17,1.100,19.700
2008-08-18,0.400,16.775
2008-08-19,1.400,14.833
2008-08-20,2.200,16.400
2008-08-21,1.600,17.333
2008-08-24,0.520,14.887
2008-08-25,0.950,15.425
2008-08-27,0.500,13.400
2008-08-28,1.150,14.213
2008-09-01,0.267,12.367
2008-09-02,1.217,13.117
2008-09-03,0.900,16.650
2008-09-04,2.467,13.400
2008-09-06,0.567,14.483
2008-09-07,0.300,14.850
2008-09-08,0.812,13.688
2008-09-09,1.564,12.209
2008-09-10,1.000,10.800
2008-09-11,0.200,7.500
2008-09-12,0.680,8.280
2008-09-13,0.657,7.429
2008-09-15,0.200,8.000
2008-09-28,0.900,11.850
2008-10-02,0.933,9.467
2008-10-03,0.400,10.280
2008-10-05,1.550,8.650
2008-10-06,1.400,8.600
2008-10-09,0.433,8.583
2008-10-10,0.200,11.000
2008-10-11,0.229,11.414
2008-10-13,0.200,11.000
2008-10-14,0.200,11.550
2008-10-16,0.583,10.017
2008-10-17,0.400,8.400
2008-10-19,0.633,8.942
2008-10-21,0.333,11.700
2008-10-22,0.200,10.400
2008-10-23,0.700,7.950
2008-10-24,0.200,9.450
2008-10-25,0.240,8.960
2008-10-26,1.000,9.119
2008-10-27,0.618,9.318
2008-10-28,0.467,7.200
2008-10-29,0.314,5.971
2008-10-30,1.231,7.715
2008-10-31,0.350,8.987
2008-11-01,0.571,6.286
2009-04-09,0.800,6.300
2009-05-04,0.400,7.600
2009-05-05,0.300,6.650
2009-05-06,0.200,6.800
2009-05-08,0.200,8.300
2009-05-09,0.760,10.960
2009-05-18,0.200,9.600
2009-05-19,0.457,8.700
2009-05-21,1.600,9.450
2009-05-22,0.750,10.750
2009-05-23,0.400,9.700
2009-05-27,1.360,13.360
2009-05-28,0.800,11.800
2009-06-03,1.154,9.608
2009-06-04,1.148,7.987
2009-06-05,0.314,6.350
2009-06-06,0.240,7.440
2009-06-09,0.667,9.933
2009-06-12,2.200,11.750
2009-06-13,3.567,12.667
2009-06-14,1.320,10.420
2009-06-15,0.436,9.109
2009-06-16,0.200,9.600
2009-06-18,0.500,10.150
2009-06-19,0.200,10.000
2009-06-27,0.200,15.400
2009-07-03,0.600,15.025
2009-07-04,0.600,13.250
2009-07-07,0.920,12.860
2009-07-08,0.200,15.700
2009-07-09,1.356,15.556
2009-07-10,0.200,16.400
2009-07-11,0.200,16.800
2009-07-13,1.367,14.150
2009-07-14,0.200,17.300
2009-07-19,3.267,19.333
2009-07-20,0.300,18.100
2009-07-21,1.200,16.525
2009-07-22,0.667,14.317
2009-07-24,1.000,18.060
2009-07-26,0.200,17.750
2009-07-29,0.200,16.500
2009-07-31,1.560,17.740
2009-08-01,0.450,15.588
2009-08-02,0.200,15.800
2009-08-11,0.800,16.500
2009-08-12,1.240,15.850
2009-08-13,0.400,16.800
2009-08-16,1.000,14.325
2009-08-17,1.286,16.200
2009-08-18,1.486,14.857
2009-08-23,2.000,13.500
2009-08-26,1.067,17.733
2009-08-29,0.600,14.675
2009-08-30,0.300,15.100
2009-08-31,0.200,16.600
2009-09-02,0.200,16.450
2009-09-03,0.200,17.000
2009-09-04,1.200,16.967
2009-09-05,1.600,15.400
2009-09-06,0.233,14.700
2009-09-07,3.880,14.080
2009-09-16,0.200,14.700
2009-09-17,1.200,13.000
2009-09-18,0.400,12.400
2009-09-21,0.200,13.900
2009-09-22,0.333,14.433
2009-09-24,2.350,9.900
2009-09-25,0.600,11.700
2009-09-28,0.675,13.787
2009-09-29,0.667,7.567
2009-09-30,0.700,8.450
2009-10-01,0.400,8.000
2009-10-02,0.200,6.400
2009-10-03,1.243,6.114
2009-10-04,1.480,10.327
2009-10-05,0.400,8.900
2009-10-06,0.200,8.700
2009-10-07,0.400,9.787
2009-10-09,0.700,7.625
2009-10-10,0.200,6.800
2009-10-12,0.567,4.308
2009-10-13,0.200,3.800
2009-10-15,0.400,4.800
2009-10-17,0.533,4.925
2009-10-18,0.592,3.446
2009-10-19,0.855,5.791
2009-10-22,0.509,6.309
2009-10-23,0.440,5.620
2009-10-25,0.200,5.700
2009-10-26,0.325,8.275
2009-10-27,0.500,8.867
2009-10-28,0.200,3.600
2010-04-01,0.360,3.500
2010-04-02,1.680,2.220
2010-04-03,0.417,1.329
2010-04-04,0.200,1.200
2010-04-05,1.067,6.133
2010-04-06,1.120,2.700
2010-04-09,0.400,3.900
2010-04-10,0.200,4.200
2010-04-16,0.467,3.067
2010-04-18,0.300,3.100
2010-04-21,1.567,2.600
2010-04-27,0.200,4.550
2010-04-29,0.314,3.857
2010-04-30,0.667,10.250
2010-05-01,0.533,8.300
2010-05-03,1.200,4.600
2010-05-04,1.089,2.622
2010-05-07,1.969,4.131
2010-05-08,0.267,3.567
2010-05-13,1.400,13.700
2010-05-14,2.400,9.500
2010-05-16,0.850,10.300
2010-05-17,0.400,8.350
2010-05-23,0.680,11.340
2010-05-24,0.600,7.780
2010-05-26,0.400,7.100
2010-05-27,0.267,6.800
2010-05-29,1.200,8.800
2010-05-30,0.200,8.800
2010-06-01,0.320,10.280
2010-06-02,0.467,10.200
2010-06-06,0.467,12.533
2010-06-07,0.300,11.700
2010-06-08,1.000,9.838
2010-06-10,0.200,11.000
2010-06-11,1.775,13.400
2010-06-12,0.200,13.100
2010-06-13,0.200,10.150
2010-06-14,0.850,11.450
2010-06-15,0.200,8.200
2010-06-16,0.200,10.400
2010-06-19,1.300,14.333
2010-06-21,0.250,11.100
2010-06-25,2.680,14.200
2010-07-06,1.400,19.500
2010-07-07,0.400,18.867
2010-07-11,1.000,22.100
2010-07-14,3.100,23.000
2010-07-18,0.400,21.450
2010-07-19,0.300,20.450
2010-07-22,0.200,26.900
2010-07-23,1.867,17.467
2010-07-24,1.311,17.056
2010-07-26,3.400,19.450
2010-07-28,3.300,18.450
2010-07-29,6.200,18.350
2010-07-30,0.900,17.850
2010-07-31,0.200,16.500
2010-08-03,7.533,18.500
2010-08-04,0.600,18.350
2010-08-05,0.467,17.200
2010-08-08,0.800,21.300
2010-08-12,1.533,18.933
2010-08-15,2.200,21.700
2010-08-17,0.867,16.467
2010-08-18,0.350,15.800
2010-08-21,1.800,16.875
2010-08-22,1.000,16.500
2010-08-24,0.686,14.443
2010-08-25,3.100,13.650
2010-08-26,2.333,13.767
2010-08-27,1.133,13.200
2010-08-28,3.200,13.350
2010-09-01,0.200,14.900
2010-09-02,0.700,10.600
2010-09-03,0.378,9.928
2010-09-10,1.100,11.750
2010-09-11,0.500,11.700
2010-09-14,0.350,13.300
2010-09-15,2.133,12.383
2010-09-16,2.600,11.200
2010-09-17,0.700,12.433
2010-09-18,0.556,10.967
2010-09-19,1.321,10.836
2010-09-20,0.550,9.700
2010-09-21,0.312,11.838
2010-09-22,0.400,11.467
2010-10-12,0.200,7.900
2010-10-14,0.891,6.000
2010-10-17,0.500,2.600
2010-10-20,0.533,5.650
2010-10-21,0.318,4.964
2010-10-22,0.400,1.086
2010-10-23,0.575,5.287
2010-10-24,0.521,6.100
2010-10-25,0.600,6.200
2010-10-26,0.343,5.129
2010-10-28,0.433,5.467
2010-10-29,0.450,7.650
2010-11-01,0.200,7.600
2010-11-03,0.514,7.600
2010-11-04,0.550,7.000
2010-11-05,0.300,5.300
2010-11-06,0.900,4.667
2010-11-07,0.400,4.200
2010-11-09,1.015,2.069
2010-11-11,0.600,4.950
2010-11-12,0.320,3.760
2010-11-13,0.380,6.140
2010-11-14,0.200,6.150
2010-11-15,0.350,6.050
2010-11-16,0.475,5.200
2010-11-17,0.500,-0.200
2010-11-18,0.762,0.285
2010-11-19,0.575,2.575
2010-11-20,0.375,2.975
2010-11-21,0.360,2.000
2010-11-22,0.244,0.611
2010-11-23,0.823,0.854
2010-11-24,1.062,-0.614
2010-11-25,0.650,-2.617
2010-11-26,0.318,-6.064
2010-11-27,0.700,-5.575
2010-11-28,1.225,-7.050
2010-11-29,1.050,-7.987
2010-11-30,0.600,-5.600
2010-12-03,0.200,-11.900
2010-12-04,0.600,-1.850
2010-12-05,0.220,-0.760
2010-12-06,0.400,-1.557
2010-12-07,0.683,0.250
2010-12-08,0.300,-0.100
2010-12-09,0.708,-1.854
2010-12-10,0.800,-3.100
2010-12-11,0.290,-1.750
2010-12-12,1.600,-2.700
2010-12-13,0.450,-2.650
2010-12-14,0.800,-2.600
2010-12-17,0.200,-7.600
2010-12-18,0.650,-6.500
2010-12-19,0.371,-10.229
2010-12-20,0.533,-9.767
2010-12-21,0.229,-8.186
2010-12-22,0.340,-4.240
2010-12-23,0.200,-7.000
2010-12-24,0.600,-4.920
2010-12-25,0.711,-3.683
2010-12-26,0.825,-5.963
2010-12-27,0.457,-5.014
2010-12-28,0.420,-5.080
2010-12-29,0.500,-3.850
2010-12-30,0.525,-8.225
2010-12-31,0.200,-8.200
2011-01-01,0.940,-2.420
2011-01-02,1.117,-6.000
2011-01-03,0.446,-4.877
2011-01-04,0.400,-5.800
2011-01-05,0.100,-4.000
2011-01-06,0.425,-3.962
2011-01-07,1.000,-4.114
2011-01-09,0.345,1.645
2011-01-12,0.257,-1.543
2011-01-13,0.225,-0.912
2011-01-16,0.500,-4.287
2011-01-17,0.840,0.760
2011-01-18,0.263,0.263
2011-01-19,0.250,-0.100
2011-01-20,0.250,-2.030
2011-01-22,1.029,-5.271
2011-01-24,0.320,-1.580
2011-01-25,0.562,-1.981
2011-01-29,0.250,0.250
2011-02-01,0.300,0.500
2011-02-02,0.383,0.283
2011-02-03,0.550,0.400
2011-02-04,0.420,0.080
2011-02-05,0.167,-0.767
2011-02-08,0.607,0.220
2011-02-11,0.200,-5.175
2011-02-12,1.000,-7.600
2011-02-13,0.150,-13.650
2011-02-14,0.200,-15.100
2011-03-03,0.200,-1.200
2011-03-07,0.200,-1.800
2011-03-10,0.433,1.167
2011-03-11,0.567,0.778
2011-03-12,0.350,0.250
2011-03-19,0.592,-1.008
2011-03-24,0.300,-1.400
2011-03-27,0.200,-0.800
2011-03-28,0.557,-0.814
2011-03-29,0.450,-0.263
2011-03-30,0.533,-1.333
2011-04-01,0.167,1.833
2011-04-04,0.667,3.267
2011-04-06,0.211,3.089
2011-04-07,0.675,2.337
2011-04-08,0.550,1.000
2011-04-11,0.525,1.075
2011-04-22,0.500,5.200
2011-04-27,0.300,6.500
2011-05-04,0.490,2.440
2011-05-13,0.633,5.367
2011-05-14,0.931,4.263
2011-05-16,0.514,8.429
2011-05-17,1.800,9.000
2011-05-18,0.500,8.900
2011-05-19,0.200,13.200
2011-05-23,0.860,11.800
2011-05-24,0.367,11.767
2011-05-29,0.200,10.500
2011-05-30,0.500,10.700
2011-06-13,2.300,12.500
2011-06-15,0.350,12.700
2011-06-17,3.212,13.012
2011-06-18,1.500,14.200
2011-06-19,0.525,13.700
2011-06-20,1.650,13.383
2011-06-23,0.533,15.200
2011-06-24,0.900,14.000
2011-06-25,1.550,12.650
2011-07-01,4.200,19.100
2011-07-11,1.825,19.125
2011-07-12,2.600,17.680
2011-07-15,1.443,15.571
2011-07-16,0.333,15.833
2011-07-17,1.067,15.500
2011-07-19,0.800,17.300
2011-07-21,2.567,20.600
2011-07-23,10.900,20.600
2011-07-27,1.400,19.100
2011-07-28,1.425,19.325
2011-07-29,0.820,20.080
2011-07-30,3.420,17.900
2011-08-06,0.400,18.100
2011-08-07,0.867,18.933
2011-08-08,1.800,19.100
2011-08-09,1.325,15.175
2011-08-10,0.550,15.500
2011-08-11,0.300,13.800
2011-08-12,0.800,16.850
2011-08-16,3.250,18.750
2011-08-20,0.800,15.450
2011-08-22,1.171,15.829
2011-08-28,0.600,19.900
2011-08-29,1.500,14.500
2011-08-30,0.856,13.700
2011-09-02,1.600,14.500
2011-09-03,0.700,16.200
2011-09-06,0.467,15.000
2011-09-07,0.840,13.820
2011-09-08,1.750,15.250
2011-09-10,0.780,14.940
2011-09-12,1.200,16.700
2011-09-13,1.108,15.208
2011-09-14,1.933,13.533
2011-09-15,2.900,12.940
2011-09-16,0.775,13.575
2011-09-17,2.533,12.933
2011-09-19,0.286,12.957
2011-09-21,0.729,14.714
2011-09-22,1.643,13.386
2011-09-23,2.850,11.050
2011-09-24,1.300,12.750
2011-09-27,1.850,14.350
2011-09-28,0.550,13.100
2011-09-29,0.733,14.133
2011-10-02,0.500,14.000
2011-10-03,0.717,13.500
2011-10-04,0.400,13.700
2011-10-05,0.900,11.550
2011-10-06,0.400,14.000
2011-10-07,1.557,10.229
2011-10-08,1.620,10.240
2011-10-10,0.650,8.710
2011-10-11,2.600,8.700
2011-10-12,1.500,6.220
2011-10-18,1.200,6.650
2011-10-19,1.400,7.200
2011-10-20,0.420,7.660
2011-10-21,0.900,4.650
2011-10-22,0.450,9.375
2011-10-27,0.325,6.100
2011-10-29,0.300,9.400
2011-10-30,0.400,10.233
2011-10-31,0.850,10.050
2011-11-07,0.300,6.600
2011-11-18,0.300,6.950
2011-11-19,1.080,8.340
2011-11-21,0.333,0.433
2011-11-22,0.200,5.400
2011-11-23,0.200,4.900
2011-11-24,1.160,7.680
2011-11-25,0.389,7.611
2011-11-26,1.567,4.567
2011-11-27,1.073,7.991
2011-11-29,0.200,5.500
2011-11-30,0.200,5.800
2011-12-02,0.822,3.878
2011-12-03,0.600,3.200
2011-12-04,0.555,3.336
2011-12-05,1.275,1.525
2011-12-06,0.873,2.055
2011-12-07,0.340,1.640
2011-12-08,0.200,1.600
2011-12-09,0.590,1.200
2011-12-10,1.043,2.800
2011-12-11,0.267,4.100
2011-12-12,0.267,2.900
2011-12-13,0.429,1.800
2011-12-14,0.383,2.033
2011-12-15,0.750,3.312
2011-12-16,0.300,4.200
2011-12-17,0.445,1.427
2011-12-18,0.500,2.987
2011-12-19,0.308,2.442
2011-12-20,0.457,2.657
2011-12-22,0.350,-0.875
2011-12-23,0.350,0.700
2011-12-24,0.333,3.225
2011-12-25,0.300,4.600
2011-12-26,0.600,6.333
2011-12-27,0.400,6.400
2011-12-29,0.309,3.782
2011-12-30,0.777,2.992
2011-12-31,0.525,-0.713
2012-01-01,0.850,-0.750
2012-01-02,1.100,-0.014
2012-01-03,0.300,1.800
2012-01-04,0.633,2.740
2012-01-05,0.750,1.400
2012-01-06,0.350,2.150
2012-01-07,0.875,0.012
2012-01-08,0.422,-1.944
2012-01-09,0.280,-1.220
2012-01-10,0.367,0.967
2012-01-11,1.250,2.450
2012-01-12,0.644,2.456
2012-01-13,0.344,-0.822
2012-01-14,0.300,-3.300
2012-01-15,0.233,-3.800
2012-01-17,0.600,-2.514
2012-01-18,0.200,-1.400
2012-01-19,0.518,-0.673
2012-01-20,0.650,-1.910
2012-01-21,0.200,-3.900
2012-01-22,0.150,-2.750
2012-01-24,0.400,-6.400
2012-01-25,0.200,-7.500
2012-02-01,0.414,-10.129
2012-02-02,0.900,-13.280
2012-02-05,0.233,-10.733
2012-02-07,0.200,-4.200
2012-02-08,0.425,-8.750
2012-02-09,0.167,-9.067
2012-02-12,0.200,-5.400
2012-02-14,0.725,-1.583
2012-02-15,0.475,-2.525
2012-02-17,0.250,-5.317
2012-02-19,0.438,-2.125
2012-02-20,0.500,0.400
2012-02-21,0.291,0.600
2012-02-22,1.200,1.040
2012-02-23,0.862,0.450
2012-02-25,0.300,-1.967
2012-02-26,0.575,-2.550
2012-02-28,1.343,-2.300
2012-02-29,0.150,1.400
2012-03-02,0.760,0.520
2012-03-09,0.300,0.900
2012-03-10,0.288,1.500
2012-03-13,0.567,1.667
2012-03-18,0.325,2.400
2012-03-19,1.225,1.525
2012-03-21,0.200,1.700
2012-03-24,0.789,2.078
2012-03-25,0.883,1.433
2012-03-26,0.400,2.000
2012-03-28,0.863,2.013
2012-03-29,0.100,1.600
2012-03-31,0.233,-0.433
2012-04-01,0.500,-0.280
2012-04-02,0.471,-0.571
2012-04-03,0.933,-1.883
2012-04-06,0.516,0.479
2012-04-07,0.715,-1.380
2012-04-08,0.200,-0.600
2012-04-13,0.400,7.070
2012-04-14,0.367,2.100
2012-04-16,0.633,1.100
2012-04-17,0.225,1.200
2012-04-18,0.400,2.000
2012-04-20,1.700,3.213
2012-04-22,0.333,4.933
2012-04-23,0.250,4.350
2012-04-24,0.725,3.125
2012-04-25,0.700,8.500
2012-04-26,0.900,8.350
2012-04-27,0.925,9.425
2012-05-04,1.800,7.667
2012-05-05,1.650,8.850
2012-05-06,0.867,4.150
2012-05-07,0.400,4.500
2012-05-10,1.150,14.000
2012-05-11,1.843,13.771
2012-05-16,1.750,8.725
2012-05-17,0.443,7.171
2012-05-18,0.250,7.700
2012-05-26,0.300,10.900
2012-05-28,0.200,12.100
2012-05-30,0.500,8.650
2012-06-01,0.660,9.890
2012-06-02,0.637,9.875
2012-06-03,0.600,8.420
2012-06-05,0.933,10.467
2012-06-09,1.500,10.450
2012-06-11,0.200,12.500
2012-06-17,2.356,13.533
2012-06-23,1.712,11.718
2012-06-24,0.550,11.300
2012-06-25,0.660,13.660
2012-06-26,1.875,12.700
2012-06-30,0.300,16.700
2012-07-02,0.450,16.500
2012-07-07,5.678,18.200
2012-07-08,4.700,18.950
2012-07-12,3.950,15.000
2012-07-13,1.157,14.857
2012-07-15,1.393,15.327
2012-07-16,0.986,15.200
2012-07-21,0.750,16.250
2012-07-23,0.591,15.236
2012-07-25,0.350,18.150
2012-07-28,0.700,22.900
2012-07-30,0.200,17.200
2012-08-01,0.400,16.700
2012-08-03,1.875,18.000
2012-08-04,0.333,17.800
2012-08-06,4.367,17.667
2012-08-07,1.000,16.700
2012-08-08,4.014,15.171
2012-08-19,1.812,17.350
2012-08-22,1.286,14.614
2012-08-23,1.509,14.518
2012-08-24,0.800,16.200
2012-08-26,0.433,15.733
2012-08-27,2.550,16.750
2012-09-01,0.908,13.283
2012-09-02,3.529,15.243
2012-09-03,0.467,15.417
2012-09-04,0.167,15.200
2012-09-05,0.100,15.900
2012-09-06,2.000,9.700
2012-09-07,1.120,10.400
2012-09-08,0.200,13.600
2012-09-11,0.800,16.000
2012-09-12,0.550,13.525
2012-09-13,0.400,13.050
2012-09-14,0.400,13.150
2012-09-15,0.467,13.133
2012-09-18,0.250,15.000
2012-09-19,0.736,12.809
2012-09-20,0.700,11.767
2012-09-21,0.914,10.671
2012-09-23,1.125,10.269
2012-09-24,0.686,9.514
2012-09-25,0.400,9.775
2012-09-27,3.600,12.867
2012-09-28,1.000,12.457
2012-09-29,0.780,10.880
2012-09-30,1.267,11.100
2012-10-01,0.380,12.240
2012-10-04,0.180,12.640
2012-10-05,1.010,10.890
2012-10-06,0.400,8.500
2012-10-07,1.267,9.767
2012-10-08,0.400,8.650
2012-10-09,0.450,7.400
2012-10-10,1.645,7.100
2012-10-12,0.689,5.878
2012-10-13,0.350,4.700
2012-10-15,0.617,7.033
2012-10-16,0.933,10.700
2012-10-17,1.589,8.867
2012-10-18,0.480,10.740
2012-10-19,0.800,11.643
2012-10-20,0.930,10.740
2012-10-21,1.517,9.833
2012-10-22,0.200,7.500
2012-10-23,0.300,5.150
2012-10-24,0.200,8.250
2012-10-25,0.650,2.700
2012-10-26,1.023,-0.115
2012-10-27,0.375,1.100
2012-10-28,0.450,0.800
2012-10-29,0.900,1.267
2012-11-02,0.350,5.367
2012-11-03,0.675,7.250
2012-11-04,0.425,4.975
2012-11-05,1.582,4.691
2012-11-06,0.507,3.800
2012-11-07,1.567,4.567
2012-11-11,0.100,7.200
2012-11-14,0.300,8.000
2012-11-15,0.386,7.643
2012-11-17,0.300,6.500
2012-11-18,0.300,4.700
2012-11-19,0.100,4.900
2012-11-22,0.350,3.575
2012-11-23,0.300,5.167
2012-11-25,0.388,4.263
2012-11-28,0.430,-0.860
2012-11-29,0.327,-2.593
2012-11-30,1.323,-4.600
2012-12-02,0.250,-4.550
2012-12-03,1.085,-2.640
2012-12-04,0.750,-2.475
2012-12-06,0.167,-2.267
2012-12-07,0.375,-1.650
2012-12-10,0.300,-3.960
2012-12-11,0.479,-2.279
2012-12-13,0.258,-5.875
2012-12-14,0.400,-5.100
2012-12-15,0.350,-4.700
2012-12-16,0.233,-5.567
2012-12-17,0.275,-7.708
2012-12-18,0.300,-10.444
2012-12-19,0.350,-15.000
2012-12-20,0.300,-13.025
2012-12-21,0.275,-11.000
2012-12-22,0.200,-11.600
2012-12-24,0.200,-12.725
2012-12-25,1.078,-4.611
2012-12-26,0.400,0.400
2012-12-27,0.440,1.650
2012-12-28,0.420,0.700
2012-12-29,0.400,-1.000
2012-12-30,0.564,0.582
2012-12-31,0.450,2.050
2013-01-01,0.580,3.227
2013-01-02,0.473,1.827
2013-01-03,0.233,1.433
2013-01-04,0.270,1.010
2013-01-08,0.314,-1.171
2013-01-09,0.400,0.787
2013-01-10,0.300,-2.300
2013-01-11,0.514,-2.786
2013-01-14,0.300,-2.200
2013-01-15,0.757,-4.929
2013-01-17,0.300,-3.800
2013-01-20,0.300,-8.200
2013-01-21,0.200,-4.650
2013-01-23,0.400,-2.100
2013-01-28,0.300,-3.700
2013-01-29,0.300,0.100
2013-01-30,1.045,0.355
2013-01-31,0.200,0.200
2013-02-01,0.400,-0.250
2013-02-02,0.200,-1.900
2013-02-05,0.417,-0.900
2013-02-06,0.275,0.825
2013-02-08,1.020,-0.420
2013-02-09,0.557,-0.800
2013-02-10,0.221,-0.364
2013-02-11,0.357,-0.686
2013-02-12,0.660,-1.740
2013-02-13,0.200,-0.300
2013-02-17,0.200,-1.160
2013-02-18,0.400,-0.750
2013-02-19,0.286,-2.771
2013-02-21,0.200,-4.200
2013-02-22,0.200,-2.533
2013-02-28,0.667,1.333
2013-03-02,1.043,-6.814
2013-03-03,0.554,-5.677
2013-03-04,0.760,-6.400
2013-03-11,0.350,-6.500
2013-03-12,0.250,-6.300
2013-03-13,0.200,-6.150
2013-03-14,0.200,-7.000
2013-03-30,0.300,-1.433
2013-04-07,0.440,-0.020
2013-04-13,1.260,4.440
2013-04-15,0.250,4.350
2013-04-16,0.250,5.000
2013-04-17,0.225,6.900
2013-04-18,0.425,10.025
2013-04-20,0.567,2.367
2013-04-23,0.300,5.550
2013-04-24,0.900,4.350
2013-04-25,1.375,3.400
2013-04-26,0.857,3.329
2013-04-29,0.620,6.460
2013-04-30,0.100,5.600
2013-05-05,0.200,7.000
2013-05-09,0.650,11.950
2013-05-13,0.400,9.060
2013-05-18,0.200,8.100
2013-05-19,0.300,11.900
2013-05-20,2.300,8.550
2013-05-22,0.500,8.767
2013-05-24,0.300,7.000
2013-05-26,0.613,10.062
2013-05-28,0.850,10.350
2013-05-30,0.350,11.800
2013-05-31,2.060,13.880
2013-06-01,0.200,10.300
2013-06-04,1.100,11.700
2013-06-11,0.200,12.400
2013-06-13,0.233,15.333
2013-06-14,1.117,13.367
2013-06-16,4.450,13.050
2013-06-20,0.300,12.800
2013-06-22,3.267,18.500
2013-06-25,0.800,18.100
2013-06-29,1.400,14.067
2013-07-01,0.300,14.900
2013-07-05,1.000,19.300
2013-07-18,0.650,14.500
2013-07-19,1.020,14.580
2013-07-22,0.800,15.900
2013-07-29,0.850,18.700
2013-07-30,0.513,18.812
2013-07-31,0.400,17.350
2013-08-01,3.100,15.350
2013-08-07,1.250,21.200
2013-08-08,6.250,18.625
2013-08-09,1.233,19.000
2013-08-11,0.800,16.700
2013-08-12,1.569,15.592
2013-08-13,1.250,13.738
2013-08-14,1.956,14.800
2013-08-15,3.900,16.000
2013-08-17,0.700,16.700
2013-08-19,0.280,17.780
2013-08-29,3.600,15.400
2013-08-31,0.700,15.200
2013-09-01,0.767,14.300
2013-09-02,0.571,13.200
2013-09-11,0.250,17.050
2013-09-17,0.200,14.800
2013-09-18,0.475,13.750
2013-09-22,0.400,13.400
2013-09-23,0.271,11.029
2013-09-26,0.200,7.250
2013-09-27,0.400,7.433
2013-09-28,0.400,9.600
2013-09-29,0.200,6.500
2013-10-05,0.550,8.350
2013-10-06,0.750,9.425
2013-10-08,0.150,12.600
2013-10-09,0.450,11.900
2013-10-10,0.300,11.300
2013-10-17,0.700,7.500
2013-10-18,1.033,6.456
2013-10-19,0.700,5.833
2013-10-22,1.200,1.450
2013-10-23,0.300,9.500
2013-10-24,0.300,11.800
2013-10-26,1.075,8.900
2013-10-28,1.071,11.043
2013-10-29,0.560,9.760
2013-10-30,0.750,8.450
2013-10-31,0.400,8.800
2013-11-01,0.611,8.489
2013-11-04,1.450,7.710
2013-11-05,0.500,7.022
2013-11-06,0.870,6.260
2013-11-07,0.600,5.000
2013-11-08,0.700,5.367
2013-11-09,0.920,4.660
2013-11-10,0.300,6.800
2013-11-11,0.200,6.000
2013-11-12,0.573,6.327
2013-11-13,0.200,7.150
2013-11-15,0.650,6.300
2013-11-16,0.100,6.500
2013-11-19,0.463,4.600
2013-11-20,0.827,5.220
2013-11-21,1.219,6.431
2013-11-24,0.417,3.883
2013-11-27,0.467,4.817
2013-11-28,0.300,5.400
2013-11-30,0.550,3.500
2013-12-01,1.220,3.800
2013-12-04,1.086,1.414
2013-12-05,0.662,2.025
2013-12-06,0.220,0.660
2013-12-07,0.300,1.143
2013-12-09,0.760,-1.920
2013-12-10,0.433,0.583
2013-12-15,0.773,0.400
2013-12-16,0.320,4.740
2013-12-20,0.500,1.875
2013-12-21,0.371,4.257
2013-12-22,0.167,4.533
2013-12-23,1.250,4.600
2013-12-24,0.650,4.188
2013-12-25,0.250,5.300
2013-12-26,0.867,3.267
2013-12-27,0.350,3.450
2013-12-29,0.250,5.450
2013-12-30,0.300,4.350
2014-01-04,0.344,2.867
2014-01-05,0.300,4.700
2014-01-07,1.411,3.811
2014-01-08,0.633,5.378
2014-01-09,0.340,4.760
2014-01-10,0.927,2.053
2014-01-11,0.340,0.080
2014-01-12,0.433,-2.522
2014-01-15,0.200,-7.400
2014-01-16,0.150,-7.850
2014-01-17,0.171,-5.471
2014-01-22,0.220,-7.920
2014-01-31,0.700,-8.550
2014-02-01,0.457,-7.714
2014-02-02,0.533,-3.500
2014-02-03,0.800,-2.100
2014-02-07,0.400,2.300
2014-02-08,0.150,2.150
2014-02-10,0.540,0.640
2014-02-11,0.350,0.300
2014-02-12,0.225,0.900
2014-02-13,0.150,1.050
2014-02-15,0.150,0.400
2014-02-17,0.309,1.673
2014-02-22,0.350,2.950
2014-03-02,0.520,0.420
2014-03-03,0.525,1.025
2014-03-08,0.550,1.900
2014-03-10,0.450,3.000
2014-03-15,0.880,0.533
2014-03-16,0.300,-0.600
2014-03-18,0.300,-0.433
2014-03-19,0.200,-2.800
2014-03-20,1.175,-0.375
2014-03-21,0.500,6.700
2014-03-23,0.150,5.350
2014-03-25,0.200,3.700
2014-04-06,0.500,3.000
2014-04-07,0.600,3.662
2014-04-11,0.675,4.550
2014-04-12,0.333,4.000
2014-04-13,0.220,5.300
2014-05-01,0.375,3.300
2014-05-04,1.150,2.350
2014-05-05,0.475,3.525
2014-05-08,1.111,5.611
2014-05-09,1.378,9.922
2014-05-10,0.700,6.500
2014-05-11,0.825,9.250
2014-05-13,0.200,5.900
2014-05-20,1.500,15.100
2014-05-21,0.400,11.233
2014-05-27,0.200,7.950
2014-05-28,0.450,7.000
2014-05-29,0.400,7.217
2014-05-31,1.467,9.933
2014-06-03,2.633,10.967
2014-06-06,0.750,15.550
2014-06-08,2.025,11.900
2014-06-09,0.300,16.600
2014-06-12,4.750,13.017
2014-06-13,0.750,12.625
2014-06-16,0.233,9.200
2014-06-17,0.600,8.400
2014-06-18,0.200,9.400
2014-06-19,1.171,10.086
2014-06-22,0.250,9.000
2014-06-23,0.720,9.140
2014-06-26,0.200,12.500
2014-06-29,1.500,12.200
2014-07-01,0.375,12.300
2014-07-03,2.150,13.450
2014-07-04,0.350,13.700
2014-07-13,5.750,17.950
2014-07-31,1.200,20.100
2014-08-07,1.750,21.650
2014-08-11,1.625,20.225
2014-08-12,0.300,19.433
2014-08-13,0.800,16.400
2014-08-14,0.467,16.500
2014-08-15,1.000,15.733
2014-08-16,0.700,17.100
2014-08-18,0.740,15.200
2014-08-19,0.600,14.500
2014-08-20,2.500,14.200
2014-08-21,2.275,14.250
2014-08-22,2.700,13.600
2014-08-23,0.150,13.900
2014-08-25,2.555,14.200
2014-08-26,0.722,14.222
2014-08-27,0.863,14.725
2014-08-28,0.500,15.000
2014-08-31,0.300,10.500
2014-09-09,1.375,15.525
2014-09-22,1.250,11.717
2014-09-24,1.000,8.929
2014-09-25,1.014,10.914
2014-09-26,1.150,12.575
2014-10-04,1.400,11.250
2014-10-08,0.350,7.150
2014-10-09,0.417,11.950
2014-10-10,0.950,14.100
2014-10-12,0.800,9.000
2014-10-13,0.200,9.550
2014-10-14,0.500,9.900
2014-10-19,1.256,5.467
2014-10-20,0.800,10.100
2014-10-21,0.350,3.650
2014-10-27,0.433,10.767
2014-10-28,0.367,11.100
2014-10-29,0.300,9.050
2014-11-01,0.600,1.000
2014-11-02,0.310,6.900
2014-11-03,0.733,7.633
2014-11-04,0.367,8.900
2014-11-05,0.483,3.467
2014-11-06,0.926,4.489
2014-11-07,0.300,5.150
2014-11-09,0.700,7.300
2014-11-10,0.250,7.050
2014-11-11,0.350,8.925
2014-11-21,0.925,-2.275
2014-11-22,0.400,0.700
2014-11-23,0.500,1.900
2014-11-25,0.225,1.150
2014-11-29,0.186,-2.914
2014-12-05,0.200,3.000
2014-12-06,0.210,1.870
2014-12-07,0.200,3.600
2014-12-08,0.538,1.123
2014-12-09,0.200,2.160
2014-12-10,0.540,1.140
2014-12-11,0.200,1.540
2014-12-12,0.200,1.475
2014-12-13,0.978,1.244
2014-12-14,0.267,3.967
2014-12-15,0.433,1.400
2014-12-16,0.250,2.288
2014-12-17,0.550,1.790
2014-12-18,0.500,3.367
2014-12-19,0.736,4.129
2014-12-20,0.617,3.050
2014-12-21,0.300,2.800
2014-12-22,0.542,0.475
2014-12-23,0.233,-0.733
2014-12-24,0.250,-0.400
2014-12-25,0.300,-2.400
2014-12-29,0.200,-6.700
2014-12-30,0.450,0.062
2014-12-31,0.300,3.050
2015-01-02,0.662,4.362
2015-01-03,0.333,2.633
2015-01-04,0.560,0.340
2015-01-05,0.400,-1.700
2015-01-08,0.433,0.542
2015-01-09,0.225,1.275
2015-01-10,1.157,-0.614
2015-01-11,0.457,-2.900
2015-01-12,0.600,-2.486
2015-01-13,1.180,1.960
2015-01-14,0.233,2.433
2015-01-15,0.350,1.250
2015-01-16,1.025,0.525
2015-01-17,0.700,2.500
2015-01-18,0.620,2.180
2015-01-19,0.380,0.500
2015-01-23,0.233,-3.267
2015-01-24,0.133,0.033
2015-01-27,0.300,-0.767
2015-01-28,0.300,-0.100
2015-01-29,0.150,-0.100
2015-01-31,0.483,1.233
2015-02-01,0.535,0.590
2015-02-02,0.125,0.950
2015-02-04,0.200,-0.700
2015-02-06,0.200,0.967
2015-02-07,0.600,1.600
2015-02-12,0.233,1.733
2015-02-13,0.200,0.400
2015-02-14,0.300,0.450
2015-02-18,0.200,1.167
2015-02-19,0.200,2.575
2015-02-20,0.250,1.900
2015-02-21,0.575,1.400
2015-02-22,0.220,1.940
2015-02-23,0.400,2.400
2015-02-24,0.312,2.663
2015-03-02,0.412,3.200
2015-03-03,0.292,1.233
2015-03-04,0.290,1.010
2015-03-06,0.300,1.512
2015-03-11,0.200,2.900
2015-03-23,0.283,1.550
2015-03-27,0.333,4.700
2015-03-28,0.400,2.575
2015-03-29,0.300,3.500
2015-03-30,0.217,2.450
2015-03-31,0.363,2.837
2015-04-01,0.400,2.336
2015-04-02,0.285,1.746
2015-04-03,0.400,1.200
2015-04-04,0.260,1.670
2015-04-05,0.400,1.700
2015-04-12,0.575,6.225
2015-04-14,1.000,0.300
2015-04-15,0.600,0.233
2015-04-26,0.667,8.189
2015-04-27,0.914,6.471
2015-04-28,0.500,5.867
2015-04-29,1.069,4.092
2015-05-02,1.257,4.900
2015-05-06,0.200,14.200
2015-05-12,0.300,12.500
2015-05-13,0.611,8.989
2015-05-17,1.125,7.550
2015-05-18,0.200,7.200
2015-05-19,0.200,9.400
2015-05-21,0.729,8.186
2015-05-26,0.300,12.450
2015-05-29,0.525,10.950
2015-05-31,0.600,12.100
2015-06-01,0.300,11.800
2015-06-03,0.400,14.100
2015-06-06,0.300,17.600
2015-06-14,1.275,13.938
2015-06-18,0.733,11.617
2015-06-19,0.200,11.900
2015-06-20,0.360,12.760
2015-06-22,1.043,12.986
2015-06-23,1.540,14.580
2015-06-24,0.970,13.660
2015-06-26,1.875,12.725
2015-07-06,0.800,14.886
2015-07-07,1.038,14.962
2015-07-08,1.125,15.550
2015-07-09,2.550,15.450
2015-07-10,0.500,11.825
2015-07-11,0.300,15.900
2015-07-17,2.475,13.650
2015-07-18,0.762,14.100
2015-07-19,0.200,16.100
2015-07-21,0.750,15.550
2015-07-22,0.633,15.000
2015-07-23,1.275,16.300
2015-07-26,1.200,14.900
2015-07-29,1.500,15.633
2015-07-30,1.467,12.789
2015-07-31,4.360,13.820
2015-08-01,0.300,14.400
2015-08-03,0.600,13.900
2015-08-06,1.300,17.933
2015-08-08,0.283,18.833
2015-08-12,0.500,19.300
2015-08-26,0.150,16.250
2015-08-27,0.850,17.250
2015-08-28,1.785,16.192
2015-09-01,0.600,14.867
2015-09-02,0.550,14.000
2015-09-03,0.167,13.200
2015-09-05,0.450,15.000
2015-09-06,0.500,12.850
2015-09-15,0.850,13.450
2015-09-16,0.725,12.750
2015-09-18,2.267,15.467
2015-09-19,0.325,13.875
2015-09-20,0.200,13.000
2015-09-21,0.300,12.300
2015-09-22,1.960,13.100
2015-09-23,0.200,11.550
2015-09-24,0.233,15.700
2015-09-27,0.450,12.250
2015-10-22,0.300,8.800
2015-10-23,0.913,9.525
2015-10-25,0.800,9.000
2015-11-07,0.929,6.986
2015-11-08,0.836,7.336
2015-11-09,0.600,7.580
2015-11-10,0.450,7.300
2015-11-12,1.600,7.125
2015-11-13,1.400,7.100
2015-11-14,0.900,6.600
2015-11-15,0.420,5.040
2015-11-17,0.200,6.075
2015-11-18,0.443,4.729
2015-11-19,0.436,6.057
2015-11-20,0.450,5.700
2015-11-21,0.611,3.078
2015-11-22,0.300,3.867
2015-11-24,0.200,3.150
2015-11-25,0.300,4.300
2015-11-26,0.200,1.700
2015-11-29,1.017,2.800
2015-11-30,0.700,3.783
2015-12-01,0.333,4.583
2015-12-03,0.243,5.257
2015-12-04,0.700,6.322
2015-12-05,0.708,7.083
2015-12-06,0.613,5.100
2015-12-09,0.560,6.180
2015-12-10,0.814,6.929
2015-12-11,0.467,5.433
2015-12-13,0.373,2.491
2015-12-14,0.400,2.120
2015-12-17,0.557,1.814
2015-12-18,0.300,4.583
2015-12-20,0.325,8.250
2015-12-23,0.400,7.050
2015-12-24,0.300,6.700
2015-12-25,0.550,6.800
2016-01-03,0.522,-5.667
2016-01-04,0.250,-6.600
2016-01-05,0.277,-9.377
2016-01-06,0.217,-13.033
2016-01-07,0.200,-14.300
2016-01-08,0.100,-14.200
2016-01-11,0.260,-9.300
2016-01-12,0.633,-7.800
2016-01-13,1.000,-7.980
2016-01-14,0.700,-8.300
2016-01-15,0.500,-2.220
2016-01-16,0.467,-5.033
2016-01-17,0.350,-2.717
2016-01-18,0.344,-1.522
2016-01-19,0.320,-1.460
2016-01-20,0.150,-3.700
2016-01-21,0.275,-7.250
2016-01-22,0.200,-10.100
2016-01-23,0.167,-7.500
2016-01-24,0.456,-2.233
2016-01-25,0.400,-0.700
2016-01-26,0.585,1.531
2016-01-27,0.650,2.890
2016-01-28,0.700,2.877
2016-01-29,0.500,2.700
2016-01-30,0.350,3.950
2016-01-31,0.150,1.400
2016-02-01,0.300,0.100
2016-02-02,0.583,1.975
2016-02-03,0.444,1.525
2016-02-04,0.200,1.300
2016-02-05,0.300,0.300
2016-02-06,0.411,1.044
2016-02-08,0.875,1.450
2016-02-09,0.208,3.885
2016-02-10,0.350,3.700
2016-02-11,0.486,2.414
2016-02-12,0.483,0.417
2016-02-13,0.450,0.575
2016-02-14,0.300,0.700
2016-02-19,0.233,0.067
2016-02-20,0.305,0.126
2016-02-21,0.273,0.293
2016-02-22,0.656,0.444
2016-02-23,0.150,0.600
2016-02-26,0.614,-0.686
2016-02-27,0.300,-0.250
2016-03-07,0.510,1.140
2016-03-09,0.300,1.200
2016-03-18,0.633,-0.833
2016-03-21,0.400,-1.600
2016-03-26,0.160,2.200
2016-04-02,0.300,3.600
2016-04-03,0.233,3.267
2016-04-05,0.533,7.600
2016-04-06,0.800,7.900
2016-04-16,0.500,8.000
2016-04-17,1.286,6.443
2016-04-18,0.400,4.300
2016-04-19,0.333,5.600
2016-04-20,0.367,3.433
2016-04-22,0.600,2.700
2016-04-23,1.100,3.400
2016-04-24,1.878,2.511
2016-04-25,0.300,2.700
2016-04-26,0.588,2.594
2016-05-11,0.200,11.300
2016-05-14,1.200,10.371
2016-05-15,0.720,10.580
2016-05-16,0.750,9.400
2016-06-08,0.833,12.167
2016-06-10,0.400,8.900
2016-06-15,0.400,13.400
2016-06-16,2.200,15.233
2016-06-17,2.067,14.733
2016-06-18,1.159,13.735
2016-06-19,0.400,12.717
2016-06-24,0.240,16.680
2016-06-26,1.500,16.900
2016-06-27,1.000,14.900
2016-06-30,0.800,18.800
2016-07-02,1.550,20.000
2016-07-03,0.300,16.800
2016-07-04,0.400,15.200
2016-07-07,0.640,12.960
2016-07-08,0.900,14.000
2016-07-10,0.200,15.400
2016-07-11,1.850,17.400
2016-07-12,0.750,17.000
2016-07-15,2.533,16.467
2016-07-28,0.625,17.975
2016-07-31,3.867,17.600
2016-08-02,3.800,15.100
2016-08-04,0.500,17.900
2016-08-05,0.300,17.667
2016-08-06,0.275,16.325
2016-08-08,1.050,17.200
2016-08-09,1.500,16.300
2016-08-11,1.250,12.800
2016-08-13,0.588,15.963
2016-08-16,0.880,15.440
2016-08-17,0.500,14.850
2016-08-18,0.267,15.633
2016-08-19,1.725,17.425
2016-08-22,0.150,18.300
2016-08-25,0.200,17.000
2016-08-26,1.400,17.200
2016-08-29,1.038,14.508
2016-08-30,2.600,16.200
2016-09-03,1.942,15.050
2016-09-04,0.300,14.080
2016-09-22,1.000,11.100
2016-09-28,0.664,12.227
2016-09-29,1.100,14.383
2016-09-30,1.000,13.100
2016-10-01,0.433,12.433
2016-10-07,0.300,7.800
2016-10-08,0.500,7.033
2016-10-23,0.300,3.800
2016-10-25,0.300,1.180
2016-10-26,0.333,3.550
2016-10-27,0.217,7.167
2016-10-28,0.893,9.036
2016-10-31,0.233,4.067
2016-11-01,0.400,-1.050
2016-11-02,0.500,-1.024
2016-11-03,1.350,0.300
2016-11-06,0.200,-0.200
2016-11-07,0.560,-2.320
2016-11-08,0.487,-4.556
2016-11-09,0.220,-5.060
2016-11-10,0.829,-0.843
2016-11-12,0.333,-0.100
2016-11-13,0.200,1.550
2016-11-15,0.471,0.614
2016-11-16,0.350,0.950
2016-11-17,0.817,3.300
2016-11-18,0.567,6.583
2016-11-19,0.300,6.200
2016-11-20,0.760,4.150
2016-11-21,0.467,6.700
2016-11-24,0.600,6.100
2016-11-25,1.000,2.600
2016-11-26,0.917,4.683
2016-11-27,0.400,-0.400
2016-11-29,0.200,1.200
2016-11-30,0.367,2.433
2016-12-01,0.520,0.300
2016-12-02,0.600,-0.900
2016-12-03,0.200,-1.400
2016-12-07,0.700,2.450
2016-12-08,0.900,3.478
2016-12-09,0.167,4.067
2016-12-14,0.300,1.200
2016-12-17,0.300,2.100
2016-12-18,0.150,1.300
2016-12-20,0.200,3.700
2016-12-23,0.750,3.700
2016-12-24,0.467,3.767
2016-12-25,0.200,2.700
2016-12-26,0.750,3.950
2016-12-27,0.500,2.500
2016-12-31,0.620,4.320
2017-01-02,0.260,-1.780
2017-01-03,0.200,-3.200
2017-01-04,0.520,-8.460
2017-01-05,0.244,-11.244
2017-01-07,0.613,-3.688
2017-01-09,0.200,0.700
2017-01-10,0.300,1.450
2017-01-12,0.267,-3.667
2017-01-13,0.250,0.850
2017-01-18,0.200,1.350
2017-01-19,0.200,2.000
2017-01-20,0.167,0.667
2017-01-23,0.267,1.333
2017-01-24,0.400,-0.500
2017-01-26,0.233,0.967
2017-01-28,0.200,0.600
2017-01-29,0.233,-0.267
2017-01-30,0.760,-0.080
2017-02-01,0.280,0.020
2017-02-02,0.200,-0.400
2017-02-04,0.200,-1.050
2017-02-05,0.150,-0.850
2017-02-16,0.600,0.400
2017-02-17,0.233,0.867
2017-02-19,0.567,1.933
2017-02-20,0.625,1.758
2017-02-21,0.300,0.300
2017-02-22,0.575,-2.275
2017-02-23,0.533,0.511
2017-02-24,0.425,-2.450
2017-02-26,0.288,-0.825
2017-02-27,0.200,1.400
2017-02-28,1.267,3.100
2017-03-01,0.871,1.086
2017-03-02,0.100,1.800
2017-03-03,0.486,1.157
2017-03-07,0.800,-2.245
2017-03-08,0.411,-0.289
2017-03-11,0.300,0.700
2017-03-14,1.500,1.800
2017-03-15,0.200,3.000
2017-03-17,0.822,3.267
2017-03-18,0.400,3.200
2017-03-20,0.350,0.800
2017-03-21,0.360,3.060
2017-03-22,0.200,3.433
2017-03-25,0.400,1.160
2017-03-30,0.500,-1.100
2017-03-31,0.600,-0.675
2017-04-01,0.400,2.475
2017-04-10,1.200,7.600
2017-04-12,0.267,2.500
2017-04-13,0.470,0.470
2017-04-16,1.100,-2.033
2017-04-20,1.060,2.880
2017-04-21,0.620,3.500
2017-04-22,0.300,2.500
2017-04-25,0.600,1.675
2017-04-26,0.725,2.650
2017-04-29,1.857,1.157
2017-04-30,0.300,1.250
2017-05-14,0.200,7.300
2017-05-15,0.133,7.767
2017-05-22,0.500,8.900
2017-05-24,0.567,7.967
2017-05-28,0.500,10.233
2017-05-30,0.625,9.838
2017-05-31,0.440,9.740
2017-06-05,0.578,10.600
2017-06-07,0.400,10.600
2017-06-08,1.022,11.022
2017-06-11,0.600,14.600
2017-06-12,0.933,13.742
2017-06-13,0.275,11.325
2017-06-20,4.340,11.980
2017-06-24,1.020,12.880
2017-06-26,1.129,12.186
2017-06-30,1.200,13.167
2017-07-01,0.667,11.700
2017-07-03,0.800,11.900
2017-07-11,0.475,16.700
2017-07-12,0.200,15.400
2017-07-13,0.878,13.833
2017-07-17,0.600,15.125
2017-07-25,0.300,15.800
2017-07-27,0.233,16.900
2017-07-28,1.200,16.000
2017-07-31,0.500,15.775
2017-08-01,0.450,19.400
2017-08-02,1.400,15.467
2017-08-03,1.400,15.700
2017-08-04,1.800,15.500
2017-08-05,1.818,16.964
2017-08-06,5.133,16.083
2017-08-07,1.300,15.700
2017-08-12,3.200,17.550
2017-08-13,0.400,16.900
2017-08-17,0.475,17.675
2017-08-18,1.300,16.200
2017-08-19,0.660,20.000
2017-08-25,1.750,14.057
2017-08-27,1.200,13.800
2017-08-30,0.750,16.200
2017-08-31,0.375,17.100
2017-09-01,0.400,16.300
2017-09-02,1.040,14.460
2017-09-03,0.200,13.800
2017-09-07,0.333,10.633
2017-09-09,1.073,13.027
2017-09-10,0.257,14.943
2017-09-12,1.783,14.417
2017-09-14,1.475,13.613
2017-09-16,1.800,12.067
2017-09-19,0.400,9.500
2017-09-21,0.450,13.100
2017-09-22,0.100,12.200
2017-10-03,0.609,7.027
2017-10-04,0.911,11.078
2017-10-05,1.367,7.917
2017-10-06,1.933,7.233
2017-10-07,0.950,8.767
2017-10-08,0.427,8.700
2017-10-09,0.718,8.755
2017-10-10,1.700,9.040
2017-10-11,0.525,9.150
2017-10-12,0.682,8.724
2017-10-13,0.480,10.260
2017-10-14,0.510,8.310
2017-10-15,0.600,9.700
2017-10-16,0.500,9.500
2017-10-17,0.800,9.571
2017-10-18,0.700,11.325
2017-10-25,1.780,-1.000
2017-10-26,0.610,1.190
2017-10-27,0.650,3.250
2017-10-28,0.367,3.853
2017-10-29,0.400,4.000
2017-10-30,0.400,3.367
2017-11-01,0.233,1.000
2017-11-04,0.350,7.600
2017-11-06,0.480,7.380
2017-11-09,0.300,5.533
2017-11-10,0.560,6.680
2017-11-11,0.289,4.400
2017-11-12,0.456,4.656
2017-11-13,0.827,4.545
2017-11-14,0.429,4.357
2017-11-15,0.536,4.109
2017-11-17,0.620,6.060
2017-11-18,0.700,4.912
2017-11-19,0.567,3.383
2017-11-20,0.567,2.600
2017-11-21,0.670,2.140
2017-11-22,0.233,0.967
2017-11-23,1.325,-0.100
2017-11-24,0.680,5.440
2017-11-25,0.380,3.660
2017-11-26,1.036,2.882
2017-11-27,0.300,3.800
2017-11-29,0.233,0.467
2017-11-30,0.250,0.700
2017-12-01,0.700,1.677
2017-12-02,0.150,1.750
2017-12-03,0.653,4.100
2017-12-04,0.200,2.050
2017-12-05,0.533,1.278
2017-12-06,0.200,3.600
2017-12-07,0.810,1.680
2017-12-08,0.591,4.655
2017-12-10,0.200,0.400
2017-12-12,1.047,1.800
2017-12-13,0.400,2.150
2017-12-15,0.660,1.260
2017-12-16,0.200,1.600
2017-12-17,1.050,0.550
2017-12-18,0.350,1.500
2017-12-19,0.460,2.960
2017-12-21,0.371,3.500
2017-12-23,1.075,3.600
2017-12-25,0.820,4.000
2017-12-26,0.287,3.850
2017-12-27,0.200,4.300
2017-12-28,0.250,3.450
2017-12-29,0.125,3.050
2017-12-30,0.460,1.600
2018-01-01,0.443,1.057
2018-01-02,0.675,3.700
2018-01-03,0.200,3.400
2018-01-04,0.300,3.125
2018-01-05,0.344,3.422
2018-01-06,0.267,1.767
2018-01-17,0.200,-7.700
2018-01-18,0.150,-4.700
2018-01-19,0.167,-2.633
2018-01-20,0.400,-1.750
2018-01-22,0.360,-1.680
2018-01-23,0.200,-3.300
2018-01-24,0.800,-2.237
2018-01-25,0.717,4.250
2018-01-27,0.267,1.733
2018-01-28,0.300,0.533
2018-01-30,0.280,-0.770
2018-01-31,0.150,-1.750
2018-02-01,0.682,-0.900
2018-02-03,1.420,-0.460
2018-02-04,0.350,-4.450
2018-02-06,0.362,-6.250
2018-02-07,0.420,-3.170
2018-02-11,0.200,-5.300
2018-02-12,0.214,-2.529
2018-02-17,0.200,-2.700
2018-02-18,0.200,-4.680
2018-02-19,0.200,-4.900
2018-02-20,0.150,-6.250
2018-02-22,0.250,-9.150
2018-02-23,0.260,-7.700
2018-02-25,0.175,-10.650
2018-02-26,0.320,-9.830
2018-02-27,0.400,-13.150
2018-02-28,0.225,-9.950
2018-03-08,0.443,-1.957
2018-03-09,0.200,-0.550
2018-03-12,0.350,2.400
2018-03-13,0.862,2.619
2018-03-14,0.375,0.250
2018-03-19,0.367,-0.433
2018-03-20,0.300,-2.400
2018-03-22,0.300,0.400
2018-03-26,1.067,-2.967
2018-04-02,1.137,-0.405
2018-04-04,0.700,4.800
2018-04-05,0.500,9.000
2018-04-10,0.833,0.633
2018-04-16,1.817,9.817
2018-04-24,0.700,8.400
2018-04-26,1.100,3.800
2018-04-29,0.200,8.675
2018-05-01,2.300,5.075
2018-05-02,1.733,8.067
2018-05-03,0.250,8.733
2018-05-22,0.200,19.100
2018-06-04,0.150,14.600
2018-06-08,0.100,10.000
2018-06-10,0.100,13.400
2018-06-11,0.200,14.300
2018-06-12,0.200,12.500
2018-06-19,1.160,15.060
2018-06-20,0.133,11.333
2018-06-21,1.350,13.625
2018-06-22,0.744,11.811
2018-06-24,0.675,13.425
2018-06-25,0.467,13.767
2018-06-29,0.800,13.460
2018-07-02,0.200,11.560
2018-07-03,0.311,12.444
2018-07-06,0.575,14.200
2018-07-20,0.400,16.300
2018-07-29,0.250,19.150
2018-07-30,1.000,23.300
2018-08-04,2.800,21.200
2018-08-05,0.200,18.300
2018-08-07,0.300,18.100
2018-08-10,0.500,19.400
2018-08-12,1.433,15.500
2018-08-14,0.633,14.733
2018-08-15,0.100,14.550
2018-08-19,0.337,17.562
2018-08-20,2.513,16.275
2018-08-24,2.100,17.775
2018-08-25,0.100,17.400
2018-08-26,1.020,15.160
2018-08-30,0.200,15.300
2018-09-01,1.100,15.800
2018-09-02,1.500,17.000
2018-09-09,0.100,16.600
2018-09-11,0.918,15.164
2018-09-12,1.960,15.880
2018-09-13,1.900,12.300
2018-09-14,0.750,13.600
2018-09-15,0.970,12.700
2018-09-17,1.329,13.586
2018-09-18,0.200,14.600
2018-09-22,0.350,12.400
2018-09-23,1.943,10.000
2018-09-26,0.927,12.227
2018-09-27,2.400,5.525
2018-09-28,0.783,6.100
2018-09-29,1.125,8.525
2018-09-30,1.637,11.084
2018-10-01,0.540,10.600
2018-10-02,0.750,8.375
2018-10-03,0.890,7.160
2018-10-04,0.200,7.467
2018-10-05,0.480,11.240
2018-10-06,0.625,10.375
2018-10-07,0.200,8.300
2018-10-08,0.338,9.262
2018-10-09,0.320,10.480
2018-10-18,0.867,11.600
2018-10-22,0.525,11.825
2018-10-23,0.225,4.825
2018-10-24,0.675,6.325
2018-10-25,0.810,3.380
2018-10-26,0.400,3.880
2018-10-27,1.267,3.633
2018-10-28,0.300,2.950
2018-11-02,0.300,9.875
2018-11-05,0.100,4.120
2018-11-06,0.100,5.520
2018-11-08,0.100,4.875
2018-11-09,0.100,3.733
2018-11-10,0.100,3.450
2018-11-11,0.100,3.750
2018-11-12,0.438,4.692
2018-11-13,1.342,6.383
2018-11-14,0.200,7.950
2018-11-15,0.100,6.900
2018-11-18,0.200,4.075
2018-11-19,0.283,2.267
2018-11-24,0.275,3.125
2018-11-26,0.750,2.550
2018-12-02,0.100,-4.150
2018-12-03,0.200,-2.057
2018-12-04,0.380,3.450
2018-12-05,0.227,3.691
2018-12-06,0.820,3.100
2018-12-07,0.225,-1.000
2018-12-08,0.433,2.300
2018-12-09,0.256,3.467
2018-12-10,0.122,1.578
2018-12-11,0.133,2.600
2018-12-12,0.250,0.900
2018-12-13,0.390,1.240
2018-12-17,0.225,-2.325
2018-12-18,0.100,-0.900
2018-12-19,0.100,-2.025
2018-12-21,0.150,-8.350
2018-12-23,0.400,-2.200
2018-12-25,0.186,0.857
2018-12-30,0.200,2.400
2018-12-31,0.250,0.475
2019-01-01,0.385,2.965
2019-01-02,0.178,-0.267
2019-01-04,0.160,-0.940
2019-01-05,0.150,-2.150
2019-01-07,0.233,0.667
2019-01-08,0.377,-1.092
2019-01-09,0.144,-2.433
2019-01-10,0.225,-2.025
2019-01-11,0.267,0.550
2019-01-13,0.283,-1.033
2019-01-14,0.342,-1.067
2019-01-16,0.650,-3.425
2019-01-17,0.600,1.654
2019-01-18,0.314,-1.614
2019-01-19,0.533,-1.033
2019-01-20,0.250,-0.400
2019-01-23,0.450,-4.100
2019-01-24,0.180,-2.000
2019-01-25,0.100,-7.700
2019-01-26,0.100,-10.000
2019-01-27,0.100,-10.500
2019-01-28,0.433,-6.733
2019-01-29,0.360,-5.880
2019-01-30,0.325,-1.375
2019-02-01,0.320,-1.860
2019-02-02,0.750,0.000
2019-02-03,0.460,0.920
2019-02-05,0.373,-0.880
2019-02-06,0.250,-1.950
2019-02-07,0.367,-1.483
2019-02-08,0.200,1.925
2019-02-09,0.233,1.433
2019-02-10,0.175,2.388
2019-02-11,0.411,0.747
2019-02-12,0.600,-0.025
2019-02-13,0.543,-0.657
2019-02-19,0.657,2.471
2019-02-23,0.250,0.275
2019-02-25,0.400,2.100
2019-02-26,0.400,1.450
2019-02-28,0.100,1.750
2019-03-03,0.340,-2.920
2019-03-04,1.450,-1.775
2019-03-05,2.389,-1.678
2019-03-07,0.460,1.140
2019-03-08,0.420,2.760
2019-03-09,0.120,0.760
2019-03-10,0.283,-0.083
2019-03-11,0.167,-2.800
2019-03-13,0.100,0.200
2019-03-14,0.200,2.100
2019-03-15,0.329,2.471
2019-03-16,0.214,2.429
2019-03-17,0.790,3.350
2019-03-18,0.160,2.720
2019-03-19,0.129,1.586
2019-03-20,0.475,1.775
2019-03-21,0.100,4.000
2019-03-23,0.450,4.150
2019-03-31,0.750,2.400
2019-04-08,0.257,1.943
2019-04-09,0.171,1.343
2019-04-10,0.100,0.500
2019-04-26,0.450,7.625
2019-05-01,1.350,6.225
2019-05-02,0.720,2.587
2019-05-04,0.512,2.700
2019-05-10,1.220,8.400
2019-05-11,0.350,6.183
2019-05-13,0.100,4.950
2019-05-24,1.040,8.760
2019-05-25,0.975,10.250
2019-05-26,1.322,9.467
2019-05-27,0.125,9.725
2019-05-28,0.600,10.256
2019-05-29,0.233,8.617
2019-05-31,0.650,9.700
2019-06-01,0.950,11.600
2019-06-07,1.067,21.133
2019-06-08,0.300,19.500
2019-06-13,1.075,13.725
2019-06-26,0.375,14.258
2019-06-27,0.367,14.833
2019-07-02,0.100,15.900
2019-07-04,1.033,11.217
2019-07-05,0.975,11.392
2019-07-06,0.267,12.933
2019-07-08,0.100,13.900
2019-07-09,0.417,13.000
2019-07-11,0.400,14.400
2019-07-16,1.460,14.080
2019-07-22,1.950,17.250
2019-07-30,0.100,14.700
2019-08-06,0.180,14.560
2019-08-07,4.700,14.400
2019-08-11,0.780,15.820
2019-08-14,5.600,14.450
2019-08-15,0.780,14.460
2019-08-19,0.225,16.825
2019-08-23,3.375,16.387
2019-09-02,0.100,16.400
2019-09-04,1.900,16.150
2019-09-05,0.200,16.800
2019-09-06,0.350,14.300
2019-09-08,0.550,16.200
2019-09-09,1.650,15.800
2019-09-11,1.475,15.150
2019-09-12,0.257,15.286
2019-09-13,0.930,14.100
2019-09-14,0.700,13.500
2019-09-15,2.107,12.207
2019-09-16,0.780,12.440
2019-09-20,0.875,8.400
2019-09-21,1.133,10.333
2019-09-24,0.600,8.520
2019-09-25,0.100,7.800
2019-09-29,0.450,12.267
2019-09-30,0.483,12.400
2019-10-01,1.225,9.333
2019-10-02,1.300,8.255
2019-10-03,1.533,6.967
2019-10-04,0.264,5.273
2019-10-05,0.800,4.000
2019-10-06,1.033,5.867
2019-10-07,0.438,5.825
2019-10-08,1.123,4.900
2019-10-09,0.100,4.575
2019-10-10,0.100,8.700
2019-10-11,0.645,10.009
2019-10-12,1.336,10.855
2019-10-13,0.400,11.167
2019-10-14,0.920,7.560
2019-10-17,0.633,8.711
2019-10-18,0.100,12.033
2019-10-19,1.300,11.800
2019-10-20,1.178,10.556
2019-10-25,0.100,11.733
2019-10-26,1.122,9.700
2019-10-27,1.858,5.533
2019-10-28,1.025,4.125
2019-10-31,0.350,3.300
2019-11-01,0.200,5.000
2019-11-02,0.317,3.200
2019-11-03,0.211,5.633
2019-11-04,0.400,4.450
2019-11-06,0.100,1.100
2019-11-09,0.360,6.300
2019-11-10,0.500,7.967
2019-11-12,0.133,5.867
2019-11-13,0.400,7.694
2019-11-14,0.400,10.100
2019-11-17,0.125,7.900
2019-11-18,0.200,6.767
2019-11-26,0.100,-0.600
2019-11-27,0.254,0.446
2019-11-28,0.207,2.700
2019-11-29,0.288,3.938
2019-11-30,1.600,0.700
2019-12-01,0.267,2.600
2019-12-02,0.550,2.600
2019-12-04,0.143,5.829
2019-12-05,0.400,6.200
2019-12-06,0.588,5.606
2019-12-07,0.240,5.980
2019-12-08,0.867,5.389
2019-12-09,0.436,5.371
2019-12-10,0.771,2.814
2019-12-12,0.100,0.200
2019-12-14,0.100,1.175
2019-12-15,0.233,3.000
2019-12-16,0.250,4.170
2019-12-17,0.263,5.100
2019-12-18,0.824,5.233
2019-12-22,0.100,4.600
2019-12-24,0.468,4.100
2019-12-25,0.200,3.867
2019-12-26,0.100,1.025
2019-12-27,0.100,0.600
2019-12-29,0.167,4.067
2019-12-30,0.155,5.500
2020-01-03,0.600,5.367
2020-01-04,0.800,3.200
2020-01-05,0.250,0.000
2020-01-06,0.344,2.244
2020-01-07,0.100,4.360
2020-01-08,0.350,5.017
2020-01-11,0.525,3.625
2020-01-12,1.500,4.992
2020-01-14,0.433,3.200
2020-01-15,0.550,6.412
2020-01-16,0.533,4.544
2020-01-18,0.150,4.350
2020-01-19,0.180,4.320
2020-01-21,0.200,5.650
2020-01-26,0.300,4.100
2020-01-27,0.208,3.915
2020-01-28,0.344,2.767
2020-01-29,0.325,1.450
2020-01-30,0.186,1.029
2020-02-01,0.680,3.420
2020-02-02,0.364,4.845
2020-02-05,0.533,2.767
2020-02-07,0.567,-0.633
2020-02-09,0.133,4.567
2020-02-10,0.519,4.129
2020-02-11,0.786,3.143
2020-02-12,0.150,4.050
2020-02-13,0.633,1.800
2020-02-15,0.333,2.133
2020-02-16,0.777,4.700
2020-02-17,1.500,5.671
2020-02-18,0.200,5.350
2020-02-19,0.200,3.800
2020-02-21,0.283,2.200
2020-02-22,1.317,3.842
2020-02-23,0.200,4.300
2020-02-26,0.678,-0.583
2020-02-28,0.260,-1.340
2020-02-29,1.567,0.067
2020-03-01,0.550,1.425
2020-03-03,0.875,2.525
2020-03-04,0.678,3.000
2020-03-05,0.300,3.100
2020-03-06,0.600,1.200
2020-03-09,0.300,4.200
2020-03-10,0.220,3.880
2020-03-11,0.410,4.020
2020-03-12,0.767,3.767
2020-03-15,0.100,3.100
2020-03-16,0.629,3.857
2020-03-18,0.417,5.042
2020-03-21,1.100,-1.720
2020-03-30,0.400,-2.150
2020-03-31,0.100,2.200
2020-04-02,0.600,4.100
2020-04-03,0.483,2.033
2020-04-06,0.100,2.500
2020-04-07,0.450,5.900
2020-04-12,0.355,5.591
2020-04-13,0.600,2.750
2020-04-14,0.600,1.656
2020-04-15,0.660,2.460
2020-04-16,0.756,3.411
2020-04-28,0.618,2.300
2020-05-01,0.200,11.200
2020-05-02,0.660,5.940
2020-05-11,2.029,3.886
2020-05-13,1.450,2.625
2020-05-15,0.400,4.550
2020-05-16,0.540,6.060
2020-05-19,0.100,5.200
2020-05-28,0.300,9.300
2020-06-04,1.150,10.300
2020-06-05,0.475,10.575
2020-06-06,1.450,12.800
2020-06-08,0.483,12.350
2020-06-09,0.250,11.500
2020-06-16,0.900,13.900
2020-06-18,0.500,13.983
2020-06-29,1.360,17.040
2020-06-30,0.793,14.793
2020-07-01,1.450,14.250
2020-07-02,3.200,15.050
2020-07-04,0.860,15.160
2020-07-05,1.000,15.592
2020-07-07,0.600,14.300
2020-07-11,1.587,13.450
2020-07-22,0.700,15.500
2020-07-24,0.250,13.650
2020-07-25,2.850,13.800
2020-07-27,3.100,16.900
2020-07-28,3.925,16.550
2020-07-29,0.625,16.750
2020-07-30,0.514,15.157
2020-08-01,0.100,16.800
2020-08-03,0.217,15.850
2020-08-12,0.100,16.000
2020-08-13,4.120,15.000
2020-08-22,2.140,17.720
2020-08-23,0.900,16.300
2020-08-24,0.600,14.900
2020-08-25,0.967,13.633
2020-08-27,0.850,13.450
2020-08-29,1.429,12.757
2020-08-30,1.600,14.283
2020-08-31,0.100,15.200
2020-09-03,0.200,17.350
2020-09-04,0.100,13.600
2020-09-05,0.940,13.820
2020-09-06,0.250,13.200
2020-09-07,0.100,10.900
2020-09-08,1.650,13.025
2020-09-09,0.900,14.478
2020-09-10,0.520,13.580
2020-09-12,0.838,14.162
2020-09-13,0.100,14.300
2020-09-15,0.820,11.280
2020-09-16,0.100,12.500
2020-09-17,0.100,11.067
2020-09-24,0.300,16.300
2020-09-25,0.200,16.100
2020-09-29,0.100,12.900
2020-10-04,0.275,12.575
2020-10-06,0.200,14.360
2020-10-07,0.233,12.733
2020-10-08,0.100,11.900
2020-10-09,0.675,12.400
2020-10-11,0.438,10.463
2020-10-13,0.450,8.783
2020-10-16,0.200,6.800
2020-10-17,0.100,5.900
2020-10-18,0.557,5.950
2020-10-19,0.760,4.870
2020-10-20,0.100,3.800
2020-10-21,0.100,6.883
2020-10-22,0.963,10.537
2020-10-23,1.100,10.814
2020-10-24,0.600,7.800
2020-10-25,0.100,7.200
2020-10-26,0.260,9.560
2020-10-27,0.579,10.957
2020-10-28,0.450,8.633
2020-10-30,0.100,6.200
2020-11-02,0.167,10.300
2020-11-03,0.350,10.983
2020-11-04,0.878,8.556
2020-11-05,0.700,8.100
2020-11-07,0.125,9.850
2020-11-08,0.100,9.150
2020-11-09,0.350,7.575
2020-11-16,1.900,4.533
2020-11-17,0.289,5.856
2020-11-18,0.357,9.800
2020-11-19,0.325,7.808
2020-11-20,0.483,3.450
2020-11-21,1.380,5.400
2020-11-22,0.680,8.060
2020-11-23,0.400,6.600
2020-11-24,0.160,4.840
2020-11-25,0.300,7.633
2020-11-26,0.800,7.200
2020-11-27,0.100,2.600
2020-11-28,0.386,3.871
2020-11-30,0.175,-0.092
2020-12-01,0.100,3.225
2020-12-03,0.100,-0.750
2020-12-04,0.100,0.250
2020-12-11,0.200,-3.350
2020-12-12,0.100,0.900
2020-12-15,0.680,1.220
2020-12-16,0.350,2.075
2020-12-17,0.200,4.000
2020-12-18,0.305,4.260
2020-12-19,0.200,6.180
2020-12-20,0.100,2.825
2020-12-21,0.212,2.650
2020-12-22,0.100,4.100
2020-12-23,0.336,1.900
2020-12-24,0.240,2.720
2020-12-25,0.183,1.883
2020-12-28,0.100,0.867
2020-12-29,0.100,0.700
2020-12-30,0.167,2.933
2020-12-31,0.400,0.980
2021-01-02,0.480,-0.340
2021-01-03,0.117,-0.517
2021-01-04,0.257,0.514
2021-01-07,0.100,-1.100
2021-01-10,0.180,-2.060
2021-01-11,0.422,-0.356
2021-01-12,0.224,-0.959
2021-01-13,0.230,-1.940
2021-01-14,0.333,-3.100
2021-01-15,0.100,-6.100
2021-01-16,0.143,-6.986
2021-01-17,0.100,-4.500
2021-01-18,0.133,-1.500
2021-01-19,0.120,-1.280
2021-01-20,0.350,-6.250
2021-01-21,0.364,-5.800
2021-01-22,0.300,2.100
2021-01-24,0.717,0.783
2021-01-25,0.600,0.383
2021-01-26,0.425,0.892
2021-01-27,0.254,0.069
2021-01-29,0.170,-2.440
2021-01-30,0.250,-4.050
2021-01-31,0.312,-3.737
2021-02-01,0.150,-1.450
2021-02-02,0.473,-2.700
2021-02-03,0.167,-4.467
2021-02-08,0.210,-5.290
2021-02-13,0.100,-1.300
2021-02-16,0.100,-1.150
2021-02-17,0.200,-7.800
2021-02-20,0.250,-1.260
2021-02-21,0.150,2.133
2021-02-23,0.529,0.957
2021-02-24,0.600,2.600
2021-02-25,0.100,4.125
2021-02-27,0.500,1.250
2021-03-06,0.283,0.367
2021-03-07,0.133,-1.700
2021-03-09,0.825,-3.712
2021-03-11,0.200,-2.850
2021-03-12,0.180,0.230
2021-03-13,0.200,1.700
2021-03-14,0.600,0.444
2021-03-17,0.267,0.133
2021-03-18,0.400,-0.750
2021-03-19,0.200,-4.100
2021-03-20,0.233,-0.344
2021-03-21,0.867,1.567
2021-03-28,0.100,3.800
2021-03-29,0.327,5.109
2021-03-30,0.100,5.900
2021-03-31,0.667,5.300
2021-04-05,0.771,3.457
2021-04-06,0.200,0.300
2021-04-07,0.300,2.200
2021-04-09,0.450,2.900
2021-04-10,0.200,3.700
2021-04-22,0.100,7.700
2021-04-23,0.200,1.700
2021-04-24,0.411,1.778
2021-04-25,0.500,2.900
2021-04-26,0.122,2.256
2021-05-05,0.657,3.629
2021-05-06,0.483,5.000
2021-05-08,0.100,3.300
2021-05-09,0.375,7.775
2021-05-10,0.100,8.300
2021-05-17,2.467,11.000
2021-05-18,1.071,9.057
2021-05-19,0.429,8.200
2021-05-20,0.100,7.100
2021-05-21,0.586,7.400
2021-05-22,0.400,10.100
2021-05-26,0.959,9.341
2021-05-27,0.400,9.600
2021-05-31,0.200,8.800
2021-06-01,0.150,9.000
2021-06-12,0.664,15.082
2021-06-13,0.700,13.733
2021-06-15,0.300,14.850
2021-06-23,3.733,19.333
2021-06-25,0.800,19.800
2021-07-06,15.425,20.250
2021-07-08,2.100,18.450
2021-07-09,0.100,17.800
2021-07-27,1.500,18.600
2021-07-28,1.280,18.720
2021-07-30,0.760,16.000
2021-07-31,0.600,18.800
2021-08-02,0.700,15.300
2021-08-03,0.150,15.150
2021-08-07,0.933,16.367
2021-08-08,2.180,16.560
2021-08-09,0.933,16.467
2021-08-10,0.300,16.000
2021-08-11,1.800,18.400
2021-08-14,1.600,15.650
2021-08-15,1.200,15.780
2021-08-16,3.017,15.783
2021-08-17,2.614,17.629
2021-08-18,1.340,14.770
2021-08-19,0.925,14.850
2021-08-20,0.500,15.500
2021-08-21,0.550,12.750
2021-08-22,0.100,15.000
2021-08-25,1.653,12.593
2021-08-26,0.518,13.527
2021-09-11,0.700,13.750
2021-09-12,1.225,14.950
2021-09-13,0.767,14.567
2021-09-23,0.812,7.862
2021-09-24,0.470,7.330
2021-09-25,0.200,8.950
2021-09-27,0.100,6.500
2021-10-01,0.233,7.900
2021-10-05,0.329,10.700
2021-10-09,0.300,11.300
2021-10-10,0.350,10.550
2021-10-11,0.133,8.217
2021-10-12,0.500,8.400
2021-10-13,0.467,7.133
2021-10-14,0.100,5.500
2021-10-15,0.987,8.700
2021-10-16,0.100,9.000
2021-10-17,0.567,7.733
2021-10-20,1.779,9.395
2021-10-21,1.443,10.386
2021-10-22,1.480,7.520
2021-10-23,0.244,4.300
2021-10-24,0.100,4.400
2021-10-26,0.700,8.480
2021-10-27,1.033,9.233
2021-10-28,0.525,11.175
2021-11-03,0.369,6.487
2021-11-04,0.350,7.950
2021-11-05,1.023,6.800
2021-11-06,0.800,6.425
2021-11-07,1.160,4.540
2021-11-08,0.300,4.800
2021-11-09,0.150,4.300
2021-11-10,0.275,8.158
2021-11-11,1.200,7.650
2021-11-17,0.120,4.940
2021-11-18,0.567,5.800
2021-11-19,0.513,6.013
2021-11-21,0.100,4.500
2021-11-22,0.333,0.533
2021-11-23,0.540,0.480
2021-11-25,0.555,5.335
2021-11-28,0.150,-1.233
2021-11-29,0.178,-1.844
2021-11-30,0.100,-4.225
2021-12-03,0.100,-2.712
2021-12-04,1.038,-2.869
2021-12-05,0.339,-6.322
2021-12-07,0.267,-8.367
2021-12-08,0.100,-7.100
2021-12-10,0.100,-4.200
2021-12-11,0.242,0.617
2021-12-12,0.100,1.000
2021-12-14,0.690,2.280
2021-12-15,0.160,4.780
2021-12-16,0.133,5.333
2021-12-18,0.583,4.033
2021-12-19,0.100,0.050
2021-12-22,0.200,-4.500
2021-12-23,0.718,-0.247
2021-12-24,0.460,-3.240
2021-12-25,0.283,-2.733
2021-12-27,0.125,-2.425
2021-12-29,0.300,-5.330
2021-12-30,0.140,-2.800
2021-12-31,0.175,2.300
2022-01-01,0.400,0.483
2022-01-02,0.483,-4.017
2022-01-03,0.133,0.500
2022-01-04,0.125,2.475
2022-01-05,0.240,0.100
2022-01-06,0.100,-1.000
2022-01-08,0.215,-3.385
2022-01-09,0.317,-1.533
2022-01-12,0.200,-0.300
2022-01-14,0.400,2.200
2022-01-16,0.338,2.462
2022-01-17,0.320,0.780
2022-01-19,0.650,2.225
2022-01-20,0.415,0.723
2022-01-23,0.400,-1.950
2022-01-24,0.133,2.467
2022-01-26,0.183,0.417
2022-01-27,0.358,0.850
2022-01-28,0.129,0.671
2022-01-29,1.450,0.042
2022-01-30,0.200,-0.618
2022-01-31,0.113,-3.375
2022-02-02,0.200,-4.000
2022-02-03,0.220,-3.680
2022-02-04,0.200,-1.700
2022-02-05,0.262,-0.169
2022-02-06,0.300,1.225
2022-02-07,0.100,0.400
2022-02-08,0.467,0.450
2022-02-09,0.867,2.467
2022-02-13,0.233,1.067
2022-02-14,0.314,1.543
2022-02-15,0.317,1.900
2022-02-16,0.571,1.686
2022-02-17,0.653,2.489
2022-02-19,0.270,0.470
2022-02-21,0.653,0.760
2022-02-22,0.217,0.417
2022-02-25,0.525,1.225
2022-03-08,0.171,-2.300
2022-03-18,0.200,2.850
2022-03-26,0.100,2.300
2022-03-27,0.100,1.300
2022-03-28,0.100,1.250
2022-03-30,0.100,-0.600
2022-04-04,0.493,1.600
2022-04-05,0.500,-0.020
2022-04-06,0.400,-1.600
2022-04-07,0.250,1.775
2022-04-08,0.622,4.178
2022-04-09,0.267,1.533
2022-04-10,0.280,1.920
2022-04-14,0.489,3.967
2022-05-07,0.860,7.980
2022-05-11,2.175,8.850
2022-05-12,0.100,8.800
2022-05-16,0.900,7.100
2022-05-20,0.150,9.025
2022-05-25,1.033,9.767
2022-05-26,0.267,8.733
2022-05-28,0.400,8.900
2022-05-29,0.100,8.200
2022-05-30,0.267,10.533
2022-05-31,1.175,10.745
2022-06-02,0.825,10.935
2022-06-03,0.733,10.767
2022-06-18,0.900,15.150
2022-06-29,9.300,20.000
2022-07-05,1.800,19.700
2022-07-06,2.333,16.600
2022-07-08,0.537,16.062
2022-07-09,0.600,16.500
2022-07-10,4.200,17.200
2022-07-12,0.350,19.250
2022-07-13,0.300,15.500
2022-07-15,0.867,14.050
2022-07-16,1.012,13.750
2022-07-17,2.567,14.867
2022-07-23,1.000,18.975
2022-07-24,0.400,17.500
2022-07-27,0.386,15.886
2022-08-06,0.150,17.500
2022-08-07,0.600,15.100
2022-08-08,0.100,15.600
2022-08-22,2.350,17.200
2022-08-24,0.340,19.520
2022-08-29,0.767,16.367
2022-08-30,0.200,15.400
2022-09-01,0.200,12.600
2022-09-02,0.100,10.500
2022-09-14,0.900,12.617
2022-09-15,1.120,11.620
2022-09-17,1.350,12.317
2022-09-18,0.750,13.200
2022-09-25,0.450,10.800
2022-09-26,0.100,8.067
2022-09-27,0.100,8.800
2022-09-29,0.357,8.100
2022-09-30,0.800,10.200
2022-10-05,0.325,8.525
2022-10-06,0.633,12.900
2022-10-08,1.100,12.500
2022-10-11,0.325,9.175
2022-10-14,0.533,10.217
2022-10-16,1.033,11.017
2022-10-17,3.700,9.767
2022-10-18,0.971,7.929
2022-10-25,0.267,6.450
2022-10-26,0.425,10.050
2022-10-27,0.120,9.500
2022-10-28,0.100,11.200
2022-10-29,0.900,11.420
2022-10-30,0.200,7.300
2022-10-31,0.100,8.900
2022-11-02,0.300,7.400
2022-11-03,0.271,7.514
2022-11-05,0.525,2.250
2022-11-06,0.100,4.600
2022-11-07,0.286,8.186
2022-11-08,0.725,8.783
2022-11-09,0.500,9.814
2022-11-10,0.100,10.500
2022-11-11,0.225,10.775
2022-11-12,0.100,11.200
2022-11-15,0.217,5.983
2022-11-16,0.200,0.350
2022-11-17,0.314,2.243
2022-11-18,0.350,1.517
2022-11-19,0.200,-1.533
2022-11-20,0.175,-4.300
2022-11-21,0.333,-5.050
2022-11-23,0.512,-0.075
2022-11-26,0.300,-2.629
2022-11-27,0.167,-3.433
2022-11-29,0.100,-0.200
2022-12-05,0.100,-2.400
2022-12-06,0.335,-2.852
2022-12-07,0.400,-2.600
2022-12-08,0.415,-2.854
2022-12-09,0.283,-2.617
2022-12-10,0.210,-2.550
2022-12-11,0.400,-0.400
2022-12-12,1.152,-3.143
2022-12-13,0.233,-5.933
2022-12-14,0.367,-0.733
2022-12-15,0.540,-0.720
2022-12-18,0.371,2.414
2022-12-19,0.150,3.000
2022-12-20,0.220,-0.460
2022-12-21,1.025,3.325
2022-12-22,0.100,2.600
2022-12-23,0.157,2.000
2022-12-27,0.191,-2.718
2022-12-28,0.150,0.500
2022-12-29,0.500,1.614
2022-12-30,0.133,3.867
2022-12-31,0.500,3.200
2023-01-02,0.986,1.029
2023-01-03,0.960,0.690
2023-01-04,0.433,-0.533
2023-01-05,0.463,-4.963
2023-01-06,0.200,-6.000
2023-01-08,0.100,-8.200
2023-01-09,0.436,-4.809
2023-01-10,0.280,-3.520
2023-01-11,0.344,1.244
2023-01-12,0.700,1.900
2023-01-13,0.638,4.037
2023-01-14,0.285,4.146
2023-01-15,0.889,3.044
2023-01-16,0.357,3.286
2023-01-17,0.200,1.017
2023-01-18,0.200,2.650
2023-01-19,1.557,0.629
2023-01-24,0.100,0.800
2023-01-26,0.133,2.667
2023-01-28,0.133,0.300
2023-01-29,0.325,2.025
2023-01-30,0.775,2.362
2023-02-05,0.100,0.450
2023-02-08,0.100,2.000
2023-02-09,0.300,0.950
2023-02-10,0.133,1.000
2023-02-11,0.675,-0.625
2023-02-15,0.100,0.500
2023-02-16,0.160,0.890
2023-02-17,0.550,0.800
2023-02-18,0.325,0.558
2023-02-19,0.190,-0.140
2023-02-20,0.588,-1.650
2023-02-21,0.100,-3.050
2023-02-22,0.150,-4.500
2023-02-23,0.473,-1.727
2023-02-25,0.225,-1.700
2023-03-03,0.500,0.350
2023-03-04,0.314,-0.157
2023-03-06,0.150,-3.000
2023-03-07,0.100,-2.850
2023-03-08,0.637,-2.737
2023-03-11,0.200,-3.620
2023-03-12,0.200,-4.200
2023-03-13,0.550,0.250
2023-03-14,0.664,5.000
2023-03-18,0.267,3.200
2023-03-20,0.640,4.060
2023-03-21,0.200,0.950
2023-03-22,0.400,3.643
2023-03-23,0.433,5.800
2023-03-24,0.750,5.570
2023-03-25,0.450,4.075
2023-03-26,0.382,0.273
2023-03-27,0.550,0.040
2023-03-28,0.100,-1.000
2023-04-04,0.150,-0.050
2023-04-05,0.269,1.312
2023-04-06,0.100,1.850
2023-04-12,0.500,7.950
2023-04-24,0.433,4.600
2023-04-25,1.300,4.700
2023-04-26,1.333,5.633
2023-04-28,0.967,4.700
2023-04-29,1.200,5.167
2023-04-30,0.400,4.850
2023-05-01,0.486,4.914
2023-05-02,0.867,5.400
2023-05-04,0.100,2.050
2023-05-16,0.680,13.280
2023-05-25,0.100,13.500
2023-05-30,0.100,11.300
2023-06-03,0.467,9.633
2023-06-04,0.400,9.633
2023-06-22,0.900,16.917
2023-06-27,0.200,18.700
2023-07-01,0.520,17.940
2023-07-02,0.290,16.520
2023-07-03,1.675,14.988
2023-07-04,1.350,14.100
2023-07-05,0.550,15.250
2023-07-06,0.100,17.500
2023-07-07,0.733,15.133
2023-07-08,1.350,14.925
2023-07-09,0.700,14.800
2023-07-16,2.800,18.450
2023-07-18,0.650,16.900
2023-07-23,3.767,13.867
2023-07-24,0.100,13.400
2023-07-25,1.213,16.538
2023-07-28,2.967,15.067
2023-07-29,1.100,15.200
2023-07-31,0.300,15.225
2023-08-01,0.975,16.163
2023-08-02,0.312,18.550
2023-08-03,0.483,18.183
2023-08-04,1.667,17.667
2023-08-07,2.067,19.167
2023-08-08,0.850,16.650
2023-08-09,2.100,15.800
2023-08-10,0.300,15.200
2023-08-15,1.400,19.200
2023-08-16,1.350,19.525
2023-08-19,0.100,16.100
2023-08-21,0.850,17.900
2023-08-22,0.350,17.400
2023-08-23,0.700,16.800
2023-08-24,1.200,15.600
2023-08-26,0.200,17.200
2023-08-28,3.175,16.900
2023-08-29,0.133,15.267
2023-08-30,0.475,16.413
2023-08-31,1.475,17.333
2023-09-01,0.400,15.400
2023-09-02,1.077,14.192
2023-09-03,0.533,14.967
2023-09-12,0.400,17.200
2023-09-13,0.700,16.740
2023-09-14,0.500,14.800
2023-09-17,0.600,15.500
2023-09-19,1.600,17.450
2023-09-20,1.387,15.688
2023-09-23,1.283,16.175
2023-09-29,0.133,15.700
2023-09-30,0.817,16.067
2023-10-02,1.033,13.933
2023-10-03,2.820,13.180
2023-10-04,1.500,11.850
2023-10-06,1.700,9.814
2023-10-07,0.786,12.114
2023-10-09,0.200,6.767
2023-10-11,0.875,12.533
2023-10-12,0.475,10.475
2023-10-13,0.600,8.833
2023-10-14,0.729,12.543
2023-10-15,0.700,8.880
2023-10-16,0.125,7.875
2023-10-17,0.567,6.000
2023-10-18,1.017,5.817
2023-10-19,0.367,3.083
2023-10-20,0.150,4.000
2023-10-21,0.450,1.100
2023-10-22,0.400,1.050
2023-10-23,0.300,6.000
2023-10-24,0.317,5.033
2023-10-28,0.867,1.511
2023-10-30,0.100,1.000
2023-10-31,1.883,6.983
2023-11-01,0.282,6.736
2023-11-02,0.140,4.100
2023-11-04,0.544,8.378
2023-11-05,0.300,6.300
2023-11-07,0.450,7.817
2023-11-08,0.200,7.300
2023-11-09,0.237,6.650
2023-11-10,0.295,6.825
2023-11-11,0.300,5.660
2023-11-12,0.393,6.093
2023-11-13,0.392,2.769
2023-11-15,0.573,2.218
2023-11-21,0.600,-0.300
2023-11-22,0.540,0.500
2023-11-23,1.000,3.229
2023-11-24,0.271,1.400
2023-11-25,0.200,-4.400
2023-11-26,0.350,-4.750
2023-11-27,0.633,-3.689
2023-11-28,0.300,-3.258
2023-11-30,0.728,-0.806
2023-12-01,0.180,-1.830
2023-12-02,0.200,-3.333
2023-12-03,0.700,-3.975
2023-12-04,0.200,-3.100
2023-12-11,0.218,-5.409
2023-12-12,0.312,-2.494
2023-12-13,0.133,-1.700
2023-12-14,0.100,-2.300
2023-12-15,0.100,-1.725
2023-12-16,0.100,-1.700
2023-12-18,0.100,4.300
2023-12-19,0.657,5.014
2023-12-20,0.375,1.150
2023-12-21,0.740,0.580
2023-12-22,0.511,0.533
2023-12-23,0.260,1.020
2023-12-24,0.150,0.150
2023-12-25,0.250,-0.825
2023-12-26,0.100,-0.350
2023-12-27,0.300,-0.050
2023-12-28,0.537,-0.812
2023-12-29,0.420,2.070
2023-12-30,0.412,1.706
2024-01-01,0.200,-6.033
2024-01-05,0.516,-10.884
2024-01-06,0.250,-14.450
2024-01-12,0.743,-2.943
2024-01-13,0.300,-9.033
2024-01-14,0.200,-7.300
2024-01-15,0.292,-5.633
2024-01-18,0.175,-4.737
2024-01-19,0.167,-2.500
2024-01-21,0.100,-0.800
2024-01-22,0.483,0.608
2024-01-23,0.133,2.600
2024-01-24,0.200,0.825
2024-01-25,0.100,0.700
2024-01-27,0.100,-2.800
2024-01-30,0.400,0.700
2024-01-31,0.243,1.057
2024-02-01,0.450,1.300
2024-02-02,0.675,0.150
2024-02-03,1.167,0.367
2024-02-06,0.100,-2.900
2024-02-07,0.100,-7.300
2024-02-11,0.100,-5.600
2024-02-12,0.225,-4.350
2024-02-13,0.154,-2.446
2024-02-14,0.275,-0.325
2024-02-16,0.967,3.233
2024-02-17,0.414,4.643
2024-02-21,0.200,-0.375
2024-02-22,0.250,1.750
2024-02-23,0.133,4.733
2024-02-24,1.178,3.378
2024-02-26,0.633,1.133
2024-02-28,0.100,-0.100
2024-02-29,0.200,0.500
2024-03-08,0.200,-1.400
2024-03-13,0.100,2.350
2024-03-14,0.250,4.900
2024-03-15,0.485,5.438
2024-03-16,0.890,5.950
2024-03-17,0.250,1.150
2024-03-20,0.275,0.225
2024-03-21,0.200,2.767
2024-03-22,0.271,3.114
2024-03-24,0.100,0.000
2024-03-26,0.250,-0.600
2024-03-29,0.320,6.040
2024-04-02,2.323,1.946
2024-04-03,0.300,-0.460
2024-04-05,0.778,-0.944
2024-04-11,0.380,6.720
2024-04-13,0.320,7.060
2024-04-14,1.046,5.246
2024-04-15,0.100,3.800
2024-04-19,0.167,-2.533
2024-04-22,0.744,0.611
2024-04-23,0.420,-0.540
2024-05-09,0.350,4.950
2024-05-10,0.300,5.580
2024-05-12,0.100,6.600
2024-05-13,0.100,6.600
2024-05-29,1.850,17.950
2024-05-31,0.600,16.500
2024-06-01,0.960,17.500
2024-06-06,0.767,15.167
2024-06-07,0.300,12.600
2024-06-08,0.750,11.700
2024-06-09,0.462,11.700
2024-06-10,0.275,10.800
2024-06-11,1.100,12.500
2024-06-12,1.387,12.500
2024-06-13,1.733,12.867
2024-06-14,0.400,13.200
2024-06-17,5.000,17.160
2024-06-19,0.200,15.000
2024-06-29,0.900,19.225
2024-06-30,0.800,18.300
2024-07-03,2.000,14.000
2024-07-05,3.200,14.900
2024-07-06,0.660,14.480
2024-07-07,0.467,17.433
2024-07-11,0.386,19.186
2024-07-12,0.100,17.675
2024-07-13,0.100,20.000
2024-07-14,1.740,18.520
2024-07-17,1.000,22.400
2024-07-18,0.233,18.300
2024-07-21,1.150,17.475
2024-07-22,2.200,20.700
2024-07-23,0.500,21.400
2024-07-24,2.443,19.329
2024-07-25,3.833,19.700
2024-07-27,0.500,17.950
2024-07-28,0.340,19.320
2024-07-29,0.550,18.767
2024-08-01,1.950,17.900
2024-08-03,0.100,18.500
2024-08-09,0.200,23.700
2024-08-10,1.456,17.589
2024-08-12,0.540,16.570
2024-08-16,0.100,18.800
2024-08-22,0.300,18.000
2024-08-23,0.350,16.750
2024-08-25,0.200,19.000
2024-08-30,0.300,18.750
2024-08-31,1.762,14.912
2024-09-02,0.100,13.000
2024-09-10,0.167,16.133
2024-09-11,0.583,14.467
2024-09-12,0.200,17.000
2024-09-13,1.335,17.006
2024-09-14,1.250,17.610
2024-09-15,0.200,14.300
2024-09-25,0.600,15.700
2024-09-26,1.100,13.786
2024-09-27,1.636,13.809
2024-09-28,1.558,11.575
2024-09-29,0.500,10.050
2024-09-30,0.600,7.700
2024-10-02,0.795,9.760
2024-10-09,0.720,8.640
2024-10-11,0.200,10.950
2024-10-12,0.600,9.600
2024-10-14,0.200,9.900
2024-10-22,0.100,11.000
2024-10-27,1.767,10.300
2024-10-28,0.950,10.400
2024-10-30,0.467,9.467
2024-10-31,0.511,6.878
2024-11-01,1.027,7.807
2024-11-02,0.150,5.550
2024-11-03,0.756,6.033
2024-11-11,0.167,4.433
2024-11-12,0.333,6.667
2024-11-13,0.300,6.400
2024-11-14,0.500,8.000
2024-11-16,0.500,8.100
2024-11-17,0.579,5.864
2024-11-18,0.456,4.033
2024-11-19,0.433,3.233
2024-11-20,0.413,2.053
2024-11-21,0.240,0.340
2024-11-22,0.329,-1.343
2024-11-23,0.375,0.775
2024-11-24,0.650,0.650
2024-11-25,0.660,3.400
2024-11-26,0.380,7.200
2024-11-27,0.111,5.611
2024-11-28,0.135,4.915
2024-11-29,0.125,4.375
2024-11-30,0.127,5.814
2024-12-01,0.120,5.920
2024-12-02,0.114,4.357
2024-12-03,0.408,4.375
2024-12-05,0.150,-3.275
2024-12-07,0.100,-0.600
2024-12-12,0.100,1.400
2024-12-13,0.250,2.867
2024-12-14,0.316,3.189
2024-12-15,0.229,1.814
2024-12-16,1.420,2.100
2024-12-17,0.100,4.000
2024-12-18,0.340,0.380
2024-12-19,0.518,4.865
2024-12-20,0.338,3.738
2024-12-21,0.390,3.520
2024-12-22,0.416,3.174
2024-12-23,0.273,2.855
2024-12-24,0.360,1.320
2024-12-25,0.100,5.200
2024-12-26,0.100,6.011
2024-12-27,0.100,3.650
2024-12-28,0.167,4.317
2024-12-29,0.144,4.322
2024-12-30,0.917,5.300
2024-12-31,0.850,-0.250
